-- Tao User, Grant quyen
CREATE USER CN01 IDENTIFIED BY CN01;
CREATE USER CN02 IDENTIFIED BY CN02;
CREATE USER Director IDENTIFIED BY director;
CREATE USER Manager IDENTIFIED BY manager;
CREATE USER Staff IDENTIFIED BY staff;
GRANT CONNECT, DBA TO CN02;

-- Dung tai khoan CN02 connect den chi nhanh 2 de tao bang
CONNECT CN02/CN02;

-- SETTING TABLES
--
--

-- Setting table CN02.MENU (Replication) 
CREATE TABLE CN02.MENU (
    MenuID VARCHAR2(5) NOT NULL,
    MenuName VARCHAR2(50) NOT NULL,
    MenuType VARCHAR2(50) NULL,
    SalePrice NUMBER NULL,
    CONSTRAINT PK_MENU PRIMARY KEY (MenuID)
);

-- Setting table CN02.BRANCH (Phan manh ngang)
CREATE TABLE CN02.BRANCH (
    BranchID VARCHAR2(5) NOT NULL,
    BranchName VARCHAR2(50) NOT NULL,
    BranchAddress VARCHAR2(100) NULL,
    BranchPhone VARCHAR2(10) NULL,
    CONSTRAINT PK_BRANCH PRIMARY KEY (BranchID)
);

-- Setting table CN02.EMPLOYEE (Phan manh ngang dan xuat)
CREATE TABLE CN02.EMPLOYEE (
    EmployeeID VARCHAR2(5) NOT NULL,
    EmployeeName VARCHAR2(50) NOT NULL,
    Birthday DATE NULL,
    PhoneNumber VARCHAR2(10) NULL,
    EmployeeAddress VARCHAR2(50) NULL,
    BranchID VARCHAR2(5) NOT NULL,
    CONSTRAINT PK_EMPLOYEE PRIMARY KEY (EmployeeID)
);

-- Setting table CN02.INVOICE (Phan manh ngang dan xuat)
CREATE TABLE CN02.INVOICE (
    InvoiceID VARCHAR2(5) NOT NULL,
    InvoiceDate DATE NOT NULL,
    CustomerID VARCHAR2(5) NOT NULL,
    EmployeeID VARCHAR2(5) NOT NULL,
    Total NUMBER NULL,
    BranchID VARCHAR2(5) NOT NULL,
    CONSTRAINT PK_INVOICE PRIMARY KEY (InvoiceID)
);

-- Setting table CN02.INVOICELINE 
CREATE TABLE CN02.INVOICELINE (
    InvoiceID VARCHAR2(5) NOT NULL,
    MenuID VARCHAR2(5) NOT NULL,
    Quantity NUMBER NULL,
    SubTotal NUMBER NULL,
    CONSTRAINT PK_INVOICELINE PRIMARY KEY (InvoiceID, MenuID)
);

-- Setting table CN02.CUSTOMER_INFO
CREATE TABLE CN02.CUSTOMER_INFO (
    CustomerID VARCHAR2(5) NOT NULL,
    CustomerName VARCHAR2(50) NOT NULL,
    PhoneNumber VARCHAR2(10) NULL,
    CustomerAddress VARCHAR2(50) NULL,
    Birthday DATE NULL,
    CustomerType VARCHAR2(25) NULL,
    CONSTRAINT PK_CUSTOMERINFO PRIMARY KEY (CustomerID)
);

-- Setting table CN02.CUSTOMER_MANAGER
CREATE TABLE CN02.CUSTOMER_MANAGER (
    CustomerID VARCHAR2(5) NOT NULL,
    CumulativeTotal NUMBER,
    CONSTRAINT PK_CUSTOMERMANAGER PRIMARY KEY (CustomerID)
);

-- Setting table CN02.MANAGEMENU_MANAGER (Phan manh doc khong du thua tu bang MANAGEMENU) 
CREATE TABLE CN02.MANAGEMENU_MANAGER (
    BranchID VARCHAR2(5) NOT NULL,
    MenuID VARCHAR2(5) NOT NULL,
    Stage NUMBER NULL,
    UpdatedDate DATE NULL,
    CONSTRAINT PK_MENUMANAGER PRIMARY KEY (BranchID, MenuID)
);

-- Setting table CN02.MANAGEMENU_STAFF (Phan manh doc khong du thua tu bang MANAGEMENU) 
CREATE TABLE CN02.MANAGEMENU_STAFF (
    BranchID VARCHAR2(5) NOT NULL,
    MenuID VARCHAR2(5) NOT NULL,
    Status VARCHAR2(25) NULL,
    Promo NUMBER NULL,
    CONSTRAINT PK_MENUSTAFF PRIMARY KEY (BranchID, MenuID)
);

-- SETTING FOREIGN KEYS
--
--

ALTER TABLE CN02.EMPLOYEE
ADD CONSTRAINT FK_EMPLOYEE_BRANCH FOREIGN KEY (BranchID) REFERENCES CN02.BRANCH(BranchID);

ALTER TABLE CN02.INVOICE
ADD CONSTRAINT FK_INVOICE_CUSTOMER FOREIGN KEY (CustomerID) REFERENCES CN02.CUSTOMER_INFO(CustomerID);

ALTER TABLE CN02.INVOICE
ADD CONSTRAINT FK_INVOICE_EMPLOYEE FOREIGN KEY (EmployeeID) REFERENCES CN02.EMPLOYEE(EmployeeID);

ALTER TABLE CN02.INVOICE
ADD CONSTRAINT FK_INVOICE_BRANCH FOREIGN KEY (BranchID) REFERENCES CN02.BRANCH(BranchID);

ALTER TABLE CN02.INVOICELINE
ADD CONSTRAINT FK_INVOICELINE_INVOICE FOREIGN KEY (InvoiceID) REFERENCES CN02.INVOICE(InvoiceID);

ALTER TABLE CN02.INVOICELINE
ADD CONSTRAINT FK_INVOICELINE_MENU FOREIGN KEY (MenuID) REFERENCES CN02.MENU(MenuID);

ALTER TABLE CN02.MANAGEMENU_MANAGER
ADD CONSTRAINT FK_MENUMANAGER_BRANCH FOREIGN KEY (BranchID) REFERENCES CN02.BRANCH(BranchID);

ALTER TABLE CN02.MANAGEMENU_MANAGER
ADD CONSTRAINT FK_MENUMANAGER_MENU FOREIGN KEY (MenuID) REFERENCES CN02.MENU(MenuID);

ALTER TABLE CN02.MANAGEMENU_STAFF
ADD CONSTRAINT FK_MENUSTAFF_BRANCH FOREIGN KEY (BranchID) REFERENCES CN02.BRANCH(BranchID);

ALTER TABLE CN02.MANAGEMENU_STAFF
ADD CONSTRAINT FK_MENUSTAFF_MENU FOREIGN KEY (MenuID) REFERENCES CN02.MENU(MenuID);

-- CREATE TRIGGER
--
--
-- Trigger: Khong the them hay cap nhat vao chi tiet hoa don san pham o trang thai "Khong duoc phep ban"
CREATE OR REPLACE TRIGGER  TRIGGER_INSERT_UPDATE_ON_INVOICELINE
BEFORE INSERT OR UPDATE ON CN02.INVOICELINE
FOR EACH ROW
DECLARE
    v_status CN02.MANAGEMENU_STAFF.Status%TYPE;
BEGIN
    SELECT Status
    INTO v_status
    FROM CN02.MANAGEMENU_STAFF
    WHERE MenuID = :NEW.MenuID;
    
	IF v_status != 'Duoc Phep Ban' THEN
		BEGIN
		RAISE_APPLICATION_ERROR (-20102,'San pham khong duoc phep tai chi nhanh nay!');
		ROLLBACK;
		END;
	END IF;
END;

CREATE OR REPLACE TRIGGER  TRIGGER_INSERT_UPDATE_ON_MANAGEMENU_MANAGER
AFTER INSERT OR UPDATE ON CN01.MANAGEMENU_MANAGER
FOR EACH ROW
BEGIN    
	IF :NEW.Stage = 1 THEN
		UPDATE CN01.MANAGEMENU_STAFF
        SET Status = 'Duoc Phep Ban'
        WHERE MenuID = :NEW.MenuID;
    ELSE
        UPDATE CN01.MANAGEMENU_STAFF
        SET Status = 'Khong Duoc Phep Ban'
        WHERE MenuID = :NEW.MenuID;
	END IF;
END;

-- INSERT DATA
--
--
-- Date format
ALTER SESSION SET NLS_DATE_FORMAT =' DD/MM/YYYY ';
-- Insert to CN02.MENU
INSERT INTO CN02.MENU VALUES ('ME01','Sinh To Dau','Sinh To',20000);
INSERT INTO CN02.MENU VALUES ('ME02','Sinh To Bo','Sinh To',15000);
INSERT INTO CN02.MENU VALUES ('ME03','Sinh To Mang Cau','Sinh To',18000);
INSERT INTO CN02.MENU VALUES ('ME04','Sinh To Sapoche','Sinh To',15000);
INSERT INTO CN02.MENU VALUES ('ME05','Ca Phe Den Nong/Da','Ca Phe Pha Phin',24000);
INSERT INTO CN02.MENU VALUES ('ME06','Ca Phe Nau Nong/Da','Ca Phe Pha Phin',28000);
INSERT INTO CN02.MENU VALUES ('ME07','Ca Phe Sua Tuoi Nong/Da','Ca Phe Pha Phin',32000);
INSERT INTO CN02.MENU VALUES ('ME08','Ca Phe Sua Bac Ha','Ca Phe Pha Phin',34000);
INSERT INTO CN02.MENU VALUES ('ME09','Ca Phe Trung','Ca Phe Pha Phin',70000);
INSERT INTO CN02.MENU VALUES ('ME10','Latte Macchiato','Ca Phe Italy',45000);
INSERT INTO CN02.MENU VALUES ('ME11','Cappuccino','Ca Phe Italy',45000);
INSERT INTO CN02.MENU VALUES ('ME12','Caffé Latte','Ca Phe Italy',45000);
INSERT INTO CN02.MENU VALUES ('ME13','Mocaccino','Ca Phe Italy',45000);
INSERT INTO CN02.MENU VALUES ('ME14','Ristretto','Ca Phe Italy',45000);
INSERT INTO CN02.MENU VALUES ('ME15','Espresso','Ca Phe Italy',45000);
INSERT INTO CN02.MENU VALUES ('ME16','Lungo Espresso','Ca Phe Italy',45000);
INSERT INTO CN02.MENU VALUES ('ME17','Tra Gao Nau','Tra',30000);
INSERT INTO CN02.MENU VALUES ('ME18','Tra Dau','Tra',30000);
INSERT INTO CN02.MENU VALUES ('ME19','Tra Hoa Luc Tra','Tra',30000);
INSERT INTO CN02.MENU VALUES ('ME20','Tra Bi Dao','Tra',30000);
INSERT INTO CN02.MENU VALUES ('ME21','Tra Vai','Tra',36000);
INSERT INTO CN02.MENU VALUES ('ME22','Tra Mat Ong','Tra',39000);
INSERT INTO CN02.MENU VALUES ('ME23','Tra Alisan','Tra',39000);
INSERT INTO CN02.MENU VALUES ('ME24','Tra Oolong','Tra',39000);
INSERT INTO CN02.MENU VALUES ('ME25','Tra Den','Tra',39000);
INSERT INTO CN02.MENU VALUES ('ME26','Yogurt Blueberry','Da Xay',30000);
INSERT INTO CN02.MENU VALUES ('ME27','Choco Caramel','Da Xay',35000);
INSERT INTO CN02.MENU VALUES ('ME28','Matcha','Da Xay',32000);
INSERT INTO CN02.MENU VALUES ('ME29','Tra Sua Gao Nau','Da Xay',30000);
INSERT INTO CN02.MENU VALUES ('ME30','Tra Sua Okinawa Coffee','Da Xay',45000);
INSERT INTO CN02.MENU VALUES ('ME31','Tra Sua Okinawa Oreo Cream','Da Xay',45000);
INSERT INTO CN02.MENU VALUES ('ME32','Tra Sua Hokkaido','Tra Sua',38000);
INSERT INTO CN02.MENU VALUES ('ME33','Tra Sua Earl Grey','Tra Sua',38000);
INSERT INTO CN02.MENU VALUES ('ME34','Tra Sua Hazelnut','Tra Sua',38000);
INSERT INTO CN02.MENU VALUES ('ME35','Tra Sua Hokkaido','Tra Sua',40000);
INSERT INTO CN02.MENU VALUES ('ME36','Tra Sua Earl Grey','Tra Sua',40000);
INSERT INTO CN02.MENU VALUES ('ME37','Tra Sua Hazelnut','Tra Sua',40000);
INSERT INTO CN02.MENU VALUES ('ME38','Tra Sua Oreo','Tra Sua',40000);
INSERT INTO CN02.MENU VALUES ('ME39','Tra Sua Panna Cotta','Tra Sua',40000);
INSERT INTO CN02.MENU VALUES ('ME40','Tra Sua Hoa Dau Biec','Tra Sua',30000);
INSERT INTO CN02.MENU VALUES ('ME41','Tra Sua Chocolate Cake Cream','Tra Sua',35000);
INSERT INTO CN02.MENU VALUES ('ME42','Tiramisu','Banh Ngot',24000);
INSERT INTO CN02.MENU VALUES ('ME43','Oreo Cheesecake','Banh Ngot',24000);
INSERT INTO CN02.MENU VALUES ('ME44','Brownie Cookies Ice Cream','Banh Ngot',24000);
INSERT INTO CN02.MENU VALUES ('ME45','Caramel Macchiato Chocomallow','Banh Ngot',18000);
INSERT INTO CN02.MENU VALUES ('ME46','Mini Cookies','Banh Ngot',40000);
INSERT INTO CN02.MENU VALUES ('ME47','Soft Chocolate Chips Cookies','Banh Ngot',24000);
INSERT INTO CN02.MENU VALUES ('ME48','Cream Puffs','Banh Ngot',35000);
INSERT INTO CN02.MENU VALUES ('ME49','Avocado Panna Cotta Tart','Banh Ngot',24000);
INSERT INTO CN02.MENU VALUES ('ME50','Cupcakes','Banh Ngot',20000);

-- Insert into CN02.BRANCH 
INSERT INTO CN02.BRANCH VALUES ('BR01','Xo Viet Nghe Tinh','141 Xo Viet Nghe Tinh, Phuong 17, Quan Binh Thanh','0366866701');
INSERT INTO CN02.BRANCH VALUES ('BR02','Nguyen Gia Tri','6 Nguyen Gia Tri, Phuong 26, Quan Binh Thanh','0764853497');
INSERT INTO CN02.BRANCH VALUES ('BR03','Su Van Hanh','782 Su Van Hanh, Phuong 12, Quan 10','0971179784');
INSERT INTO CN02.BRANCH VALUES ('BR04','Phan Van Tri','190C Phan Van Tri, Phuong 12, Quan Binh Thanh','0938223929');
INSERT INTO CN02.BRANCH VALUES ('BR05','Hong Bang','307 Hong Bang, Phuong 11, Quan 5','0902542628');
INSERT INTO CN02.BRANCH VALUES ('BR06','Thanh Thai','154 Thanh Thai, Phuong 12, Quan 10','0909944516');
INSERT INTO CN02.BRANCH VALUES ('BR07','Hoa Lan','47G Hoa Lan, Phuong 2, Quan Phu Nhuan','0367823840');
INSERT INTO CN02.BRANCH VALUES ('BR08','Nguyen Du','53G Nguyen Du, Phuong Ben Nghe, Quan 1','0979159599');
INSERT INTO CN02.BRANCH VALUES ('BR09','Le Thi Rieng','41 Le Thi Rieng, Phuong Ben Thanh, Quan 1','0366866701');
INSERT INTO CN02.BRANCH VALUES ('BR10','Cong Hoa','43 Cong Hoa, Phuong 4, Quan Tan Binh','0366866701');
INSERT INTO CN02.BRANCH VALUES ('BR11','Phan Huy Ich','416 Phan Huy Ich, Phuong 12, Quan Go Vap','0366866701');
INSERT INTO CN02.BRANCH VALUES ('BR12','Huynh Van Banh','44 Huynh Van Banh, Phuong 15, Quan Phu Nhuan','0328067166');
INSERT INTO CN02.BRANCH VALUES ('BR13','Phan Xich Long','22 Phan Xich Long, Phuong 3, Quan Phu Nhuan','0379300292');
INSERT INTO CN02.BRANCH VALUES ('BR14','Thong Nhat','469 Thong Nhat, Phuong 16, Quan Go Vap','0366866701');
INSERT INTO CN02.BRANCH VALUES ('BR15','Riverside Residence','ST-04 Riverside Residence, Phuong Tan Phu, Quan 7','0862532339');
INSERT INTO CN02.BRANCH VALUES ('BR16','Huynh Tan Phat','485 Huynh Tan Phat, Phuong Tan Thuan Dong, Quan 7','0366866701');
INSERT INTO CN02.BRANCH VALUES ('BR17','Thoai Ngoc Hau','7A Thoai Ngoc Hau, Phuong Hoa Thach, Quan Tan Phu','0366866701');
INSERT INTO CN02.BRANCH VALUES ('BR18','Nguyen Thi Thap','402 Nguyen Thi Thap, Phuong Tan Quy, Quan 7','0366866701');
INSERT INTO CN02.BRANCH VALUES ('BR19','Tran Nhan Ton','2H Tran Nhan Ton, Phuong 2, Quan 10','0366866701');
INSERT INTO CN02.BRANCH VALUES ('BR20','Citizen Apartment','Citizen Apartment, Xa Binh Hung, Huyen Binh Chanh','0366866701');

-- Insert to CN02.EMPLOYEE
INSERT INTO CN02.EMPLOYEE VALUES ('EMP01','Vu Thuy Duong',to_date('18/09/2001','dd/mm/yyyy'),'0366866701','Vinh Phuc','BR02');
INSERT INTO CN02.EMPLOYEE VALUES ('EMP02','Phan Thai Tam',to_date('28/06/2001','dd/mm/yyyy'),'0764853497','Quang Nam','BR02');
INSERT INTO CN02.EMPLOYEE VALUES ('EMP03','Nguyen Thanh Sang',to_date('01/01/2001','dd/mm/yyyy'),'0366866701','Ho Chi Minh','BR02');
INSERT INTO CN02.EMPLOYEE VALUES ('EMP04','Hoang Van Tien Nhat',to_date('01/01/2001','dd/mm/yyyy'),'0366866701','Ho Chi Minh','BR02');
INSERT INTO CN02.EMPLOYEE VALUES ('EMP05','Tran Thi Ngoc An',to_date('06/06/2001','dd/mm/yyyy'),'0366866701','Binh Dinh','BR02');
INSERT INTO CN02.EMPLOYEE VALUES ('EMP06','Nguyen Xuan Minh Thu',to_date('01/01/2001','dd/mm/yyyy'),'0366866701','Kien Giang','BR02');
INSERT INTO CN02.EMPLOYEE VALUES ('EMP07','Le Thi Hong Cuc',to_date('27/01/2001','dd/mm/yyyy'),'0366866701','Tien Giang','BR02');
INSERT INTO CN02.EMPLOYEE VALUES ('EMP08','Ta Quang Huy',to_date('01/01/2001','dd/mm/yyyy'),'0366866701','Bien Hoa','BR02');
INSERT INTO CN02.EMPLOYEE VALUES ('EMP09','Tran Thanh Trung',to_date('01/01/2001','dd/mm/yyyy'),'0366866701','Ben Tre','BR02');
INSERT INTO CN02.EMPLOYEE VALUES ('EMP10','Luu Tran Anh Khoa',to_date('01/01/2001','dd/mm/yyyy'),'0366866701','Long An','BR02');

-- Insert to CN02.CUSTOMER_INFO
INSERT INTO CN02.CUSTOMER_INFO VALUES ('CUS01','Bui Ngoc Bao Thy','0375130491','Ho Chi Minh',to_date('28/06/2000','dd/mm/yyyy'),'Stardard');
INSERT INTO CN02.CUSTOMER_INFO VALUES ('CUS02','Vo Ngoc Hoai Thuong','0901006848','Binh Dinh',to_date('07/06/2001','dd/mm/yyyy'),'Stardard');
INSERT INTO CN02.CUSTOMER_INFO VALUES ('CUS03','Nguyen Ngoc Hai Yen','0931127827','Ho Chi Minh',to_date('19/08/1998','dd/mm/yyyy'),'Stardard');
INSERT INTO CN02.CUSTOMER_INFO VALUES ('CUS04','Nguyen Huu Khac Phuc','0931199244','Quang Nam',to_date('28/06/2001','dd/mm/yyyy'),'Stardard');
INSERT INTO CN02.CUSTOMER_INFO VALUES ('CUS05','Nguyen Ba Hoc','0931199844','Da Lat',to_date('08/07/2000','dd/mm/yyyy'),'Stardard');
INSERT INTO CN02.CUSTOMER_INFO VALUES ('CUS06','Cao Huy','0901006025','Sa Pa',to_date('18/12/2004','dd/mm/yyyy'),'Stardard');
INSERT INTO CN02.CUSTOMER_INFO VALUES ('CUS07','Ngo Le Thao Dung','0931900611','Nha Trang',to_date('12/12/2005','dd/mm/yyyy'),'Stardard');
INSERT INTO CN02.CUSTOMER_INFO VALUES ('CUS08','Nguyen Minh Toan','0904391156','Ha Noi',to_date('12/12/2005','dd/mm/yyyy'),'Stardard');
INSERT INTO CN02.CUSTOMER_INFO VALUES ('CUS09','Le Huu Nhat Khoa','0375130491','Quang Nam',to_date('02/08/1990','dd/mm/yyyy'),'Stardard');
INSERT INTO CN02.CUSTOMER_INFO VALUES ('CUS10','Nguyen Trong Kien','0901006848','Gia Lai',to_date('23/09/1997','dd/mm/yyyy'),'Stardard');
INSERT INTO CN02.CUSTOMER_INFO VALUES ('CUS11','Nguyen Hieu Kien','0931127827','Vung Tau',to_date('23/01/2001','dd/mm/yyyy'),'Stardard');
INSERT INTO CN02.CUSTOMER_INFO VALUES ('CUS12','Nguyen Bich Tram','0931199244','Nghe An',to_date('29/03/1999','dd/mm/yyyy'),'Stardard');
INSERT INTO CN02.CUSTOMER_INFO VALUES ('CUS13','Do Hong Dung','0931199844','Dak Lak',to_date('09/07/2000','dd/mm/yyyy'),'Stardard');
INSERT INTO CN02.CUSTOMER_INFO VALUES ('CUS14','Hoang Hanh Nguyen','0901006025','Da Lat',to_date('31/12/2001','dd/mm/yyyy'),'Stardard');
INSERT INTO CN02.CUSTOMER_INFO VALUES ('CUS15','Pham Duy Ngoc Tram','0931900611','Long An',to_date('05/10/1998','dd/mm/yyyy'),'Stardard');
INSERT INTO CN02.CUSTOMER_INFO VALUES ('CUS16','Nguyen Ngoc Thao Nhi','0904391156','Hai Phong',to_date('06/07/2003','dd/mm/yyyy'),'Stardard');
INSERT INTO CN02.CUSTOMER_INFO VALUES ('CUS17','Do Nguyen Lam','0375130491','Ho Chi Minh',to_date('17/05/1997','dd/mm/yyyy'),'Stardard');
INSERT INTO CN02.CUSTOMER_INFO VALUES ('CUS18','Vu Nhat Linh','0901006848','Lam Dong',to_date('23/09/1990','dd/mm/yyyy'),'Stardard');
INSERT INTO CN02.CUSTOMER_INFO VALUES ('CUS19','Nguyen Thao Huong','0931127827','Bien Hoa',to_date('27/08/1991','dd/mm/yyyy'),'Stardard');
INSERT INTO CN02.CUSTOMER_INFO VALUES ('CUS20','Nguyen Thi Ngoc Mai','0931199244','Binh Dinh',to_date('04/04/1992','dd/mm/yyyy'),'Stardard');
INSERT INTO CN02.CUSTOMER_INFO VALUES ('CUS21','Nguyen Ngan Thi','0931199844','Binh Phuoc',to_date('06/09/1993','dd/mm/yyyy'),'Stardard');
INSERT INTO CN02.CUSTOMER_INFO VALUES ('CUS22','Nguyen Ngoc Phuong Thuy','0901006025','Quang Ngai',to_date('30/10/2002','dd/mm/yyyy'),'Stardard');
INSERT INTO CN02.CUSTOMER_INFO VALUES ('CUS23','Tran Do Tuong Vy','0931900611','Phan Thiet',to_date('09/08/1998','dd/mm/yyyy'),'Stardard');
INSERT INTO CN02.CUSTOMER_INFO VALUES ('CUS24','Nguyen Ngoc Thuy Tien','0904391156','Quang Binh',to_date('04/05/2000','dd/mm/yyyy'),'Stardard');
INSERT INTO CN02.CUSTOMER_INFO VALUES ('CUS25','Tran Ngoc Minh','0375130491','Binh Duong',to_date('28/09/1996','dd/mm/yyyy'),'Stardard');
INSERT INTO CN02.CUSTOMER_INFO VALUES ('CUS26','Vu Hong Phuong Anh','0375130491','Ca Mau',to_date('19/10/1996','dd/mm/yyyy'),'Stardard');
INSERT INTO CN02.CUSTOMER_INFO VALUES ('CUS27','Le Anh Thu','0901006848','Ben Tre',to_date('30/10/2008','dd/mm/yyyy'),'Stardard');
INSERT INTO CN02.CUSTOMER_INFO VALUES ('CUS28','Tran Thao Ngan','0931127827','Tien Giang',to_date('28/03/2001','dd/mm/yyyy'),'Stardard');
INSERT INTO CN02.CUSTOMER_INFO VALUES ('CUS29','Nguyen Ngoc Quynh Thanh','0931199244','Dong Thap',to_date('27/09/2002','dd/mm/yyyy'),'Stardard');
INSERT INTO CN02.CUSTOMER_INFO VALUES ('CUS30','Mai Ha Hoang Yen','0931199844','Can Tho',to_date('29/11/1978','dd/mm/yyyy'),'Stardard');
INSERT INTO CN02.CUSTOMER_INFO VALUES ('CUS31','Trinh Hong Phuc','0901006025','Ha Noi ',to_date('23/12/2003','dd/mm/yyyy'),'Stardard');
INSERT INTO CN02.CUSTOMER_INFO VALUES ('CUS32','Le Thanh Vi','0931900611','Ha Nam',to_date('05/11/2009','dd/mm/yyyy'),'Stardard');
INSERT INTO CN02.CUSTOMER_INFO VALUES ('CUS33','Nguyen Minh Tuyen','0904391156','Phu Tho',to_date('02/03/1994','dd/mm/yyyy'),'Stardard');
INSERT INTO CN02.CUSTOMER_INFO VALUES ('CUS34','Mai Thanh Thao','0375130491','Da Nang',to_date('05/09/2005','dd/mm/yyyy'),'Stardard');
INSERT INTO CN02.CUSTOMER_INFO VALUES ('CUS35','Duong Thanh Ngan','0901006848','Soc Trang',to_date('25/12/1988','dd/mm/yyyy'),'Stardard');
INSERT INTO CN02.CUSTOMER_INFO VALUES ('CUS36','Ngoc Phuong Trang','0931127827','Sa Pa',to_date('14/07/1998','dd/mm/yyyy'),'Stardard');
INSERT INTO CN02.CUSTOMER_INFO VALUES ('CUS37','Nguyen Kieu Trang','0931199244','Lang Son',to_date('28/12/1995','dd/mm/yyyy'),'Stardard');
INSERT INTO CN02.CUSTOMER_INFO VALUES ('CUS38','Bui Minh Hoai','0931199844','Son La',to_date('17/08/1975','dd/mm/yyyy'),'Stardard');
INSERT INTO CN02.CUSTOMER_INFO VALUES ('CUS39','Tran Man Chi','0901006025','Ho Chi Minh',to_date('07/12/1993','dd/mm/yyyy'),'Stardard');
INSERT INTO CN02.CUSTOMER_INFO VALUES ('CUS40','Ngo Bao Hoa','0931900611','Binh Duong',to_date('11/09/1977','dd/mm/yyyy'),'Stardard');
INSERT INTO CN02.CUSTOMER_INFO VALUES ('CUS41','Tran Nguyen Yen Vy','0904391156','Da Nang',to_date('30/03/1998','dd/mm/yyyy'),'Stardard');
INSERT INTO CN02.CUSTOMER_INFO VALUES ('CUS42','Thach Diep Thao Nguyen','0375130491','Can Gio',to_date('09/04/1999','dd/mm/yyyy'),'Stardard');
INSERT INTO CN02.CUSTOMER_INFO VALUES ('CUS43','Ho Thi Ngoc Tram','0901006848','Ca Mau',to_date('01/05/2001','dd/mm/yyyy'),'Stardard');
INSERT INTO CN02.CUSTOMER_INFO VALUES ('CUS44','Vuong Gia Han','0931127827','Ha Noi ',to_date('19/12/1975','dd/mm/yyyy'),'Stardard');
INSERT INTO CN02.CUSTOMER_INFO VALUES ('CUS45','Ngo Ngoc Dan Thy','0931199244','Dong Thap',to_date('14/09/2000','dd/mm/yyyy'),'Stardard');
INSERT INTO CN02.CUSTOMER_INFO VALUES ('CUS46','Nguyen Ha Bao Ngan','0931199844','Phan Thiet',to_date('07/08/1974','dd/mm/yyyy'),'Stardard');
INSERT INTO CN02.CUSTOMER_INFO VALUES ('CUS47','Vu Nguyen Anh Vy','0901006025','Ho Chi Minh',to_date('27/11/2002','dd/mm/yyyy'),'Stardard');
INSERT INTO CN02.CUSTOMER_INFO VALUES ('CUS48','Nguyen Do Anh Vy','0931900611','Vinh Phuc',to_date('12/10/1982','dd/mm/yyyy'),'Stardard');
INSERT INTO CN02.CUSTOMER_INFO VALUES ('CUS49','Tran Thu Huong','0904391156','Bac Ninh',to_date('24/11/1999','dd/mm/yyyy'),'Stardard');
INSERT INTO CN02.CUSTOMER_INFO VALUES ('CUS50','Nguyen Ha Thao Linh','0375130492','Hung Yen',to_date('24/01/1997','dd/mm/yyyy'),'Stardard');

-- Insert into CN02.CUSTOMER_MANAGER
INSERT INTO CN02.CUSTOMER_MANAGER VALUES ('CUS01',0);
INSERT INTO CN02.CUSTOMER_MANAGER VALUES ('CUS02',0);
INSERT INTO CN02.CUSTOMER_MANAGER VALUES ('CUS03',0);
INSERT INTO CN02.CUSTOMER_MANAGER VALUES ('CUS04',0);
INSERT INTO CN02.CUSTOMER_MANAGER VALUES ('CUS05',0);
INSERT INTO CN02.CUSTOMER_MANAGER VALUES ('CUS06',0);
INSERT INTO CN02.CUSTOMER_MANAGER VALUES ('CUS07',0);
INSERT INTO CN02.CUSTOMER_MANAGER VALUES ('CUS08',0);
INSERT INTO CN02.CUSTOMER_MANAGER VALUES ('CUS09',0);
INSERT INTO CN02.CUSTOMER_MANAGER VALUES ('CUS10',0);
INSERT INTO CN02.CUSTOMER_MANAGER VALUES ('CUS11',0);
INSERT INTO CN02.CUSTOMER_MANAGER VALUES ('CUS12',0);
INSERT INTO CN02.CUSTOMER_MANAGER VALUES ('CUS13',0);
INSERT INTO CN02.CUSTOMER_MANAGER VALUES ('CUS14',0);
INSERT INTO CN02.CUSTOMER_MANAGER VALUES ('CUS15',0);
INSERT INTO CN02.CUSTOMER_MANAGER VALUES ('CUS16',0);
INSERT INTO CN02.CUSTOMER_MANAGER VALUES ('CUS17',0);
INSERT INTO CN02.CUSTOMER_MANAGER VALUES ('CUS18',0);
INSERT INTO CN02.CUSTOMER_MANAGER VALUES ('CUS19',0);
INSERT INTO CN02.CUSTOMER_MANAGER VALUES ('CUS20',0);
INSERT INTO CN02.CUSTOMER_MANAGER VALUES ('CUS21',0);
INSERT INTO CN02.CUSTOMER_MANAGER VALUES ('CUS22',0);
INSERT INTO CN02.CUSTOMER_MANAGER VALUES ('CUS23',0);
INSERT INTO CN02.CUSTOMER_MANAGER VALUES ('CUS24',0);
INSERT INTO CN02.CUSTOMER_MANAGER VALUES ('CUS25',0);
INSERT INTO CN02.CUSTOMER_MANAGER VALUES ('CUS26',0);
INSERT INTO CN02.CUSTOMER_MANAGER VALUES ('CUS27',0);
INSERT INTO CN02.CUSTOMER_MANAGER VALUES ('CUS28',0);
INSERT INTO CN02.CUSTOMER_MANAGER VALUES ('CUS29',0);
INSERT INTO CN02.CUSTOMER_MANAGER VALUES ('CUS30',0);
INSERT INTO CN02.CUSTOMER_MANAGER VALUES ('CUS31',0);
INSERT INTO CN02.CUSTOMER_MANAGER VALUES ('CUS32',0);
INSERT INTO CN02.CUSTOMER_MANAGER VALUES ('CUS33',0);
INSERT INTO CN02.CUSTOMER_MANAGER VALUES ('CUS34',0);
INSERT INTO CN02.CUSTOMER_MANAGER VALUES ('CUS35',0);
INSERT INTO CN02.CUSTOMER_MANAGER VALUES ('CUS36',0);
INSERT INTO CN02.CUSTOMER_MANAGER VALUES ('CUS37',0);
INSERT INTO CN02.CUSTOMER_MANAGER VALUES ('CUS38',0);
INSERT INTO CN02.CUSTOMER_MANAGER VALUES ('CUS39',0);
INSERT INTO CN02.CUSTOMER_MANAGER VALUES ('CUS40',0);
INSERT INTO CN02.CUSTOMER_MANAGER VALUES ('CUS41',0);
INSERT INTO CN02.CUSTOMER_MANAGER VALUES ('CUS42',0);
INSERT INTO CN02.CUSTOMER_MANAGER VALUES ('CUS43',0);
INSERT INTO CN02.CUSTOMER_MANAGER VALUES ('CUS44',0);
INSERT INTO CN02.CUSTOMER_MANAGER VALUES ('CUS45',0);
INSERT INTO CN02.CUSTOMER_MANAGER VALUES ('CUS46',0);
INSERT INTO CN02.CUSTOMER_MANAGER VALUES ('CUS47',0);
INSERT INTO CN02.CUSTOMER_MANAGER VALUES ('CUS48',0);
INSERT INTO CN02.CUSTOMER_MANAGER VALUES ('CUS49',0);
INSERT INTO CN02.CUSTOMER_MANAGER VALUES ('CUS50',0);

-- Insert into CN02.INVOICE
INSERT INTO CN02.INVOICE VALUES ('INV01',to_date('01/11/2021','dd/mm/yyyy'),'CUS05','EMP01',725000,'BR02');
INSERT INTO CN02.INVOICE VALUES ('INV02',to_date('01/11/2021','dd/mm/yyyy'),'CUS06','EMP01',720000,'BR02');
INSERT INTO CN02.INVOICE VALUES ('INV03',to_date('01/11/2021','dd/mm/yyyy'),'CUS07','EMP01',735000,'BR02');
INSERT INTO CN02.INVOICE VALUES ('INV04',to_date('01/11/2021','dd/mm/yyyy'),'CUS08','EMP01',908000,'BR02');
INSERT INTO CN02.INVOICE VALUES ('INV05',to_date('01/11/2021','dd/mm/yyyy'),'CUS09','EMP01',660000,'BR02');
INSERT INTO CN02.INVOICE VALUES ('INV06',to_date('01/11/2021','dd/mm/yyyy'),'CUS10','EMP01',763000,'BR02');
INSERT INTO CN02.INVOICE VALUES ('INV07',to_date('01/11/2021','dd/mm/yyyy'),'CUS11','EMP02',1225000,'BR02');
INSERT INTO CN02.INVOICE VALUES ('INV08',to_date('05/11/2021','dd/mm/yyyy'),'CUS12','EMP02',623000,'BR02');
INSERT INTO CN02.INVOICE VALUES ('INV09',to_date('05/11/2021','dd/mm/yyyy'),'CUS13','EMP02',469000,'BR02');
INSERT INTO CN02.INVOICE VALUES ('INV10',to_date('05/11/2021','dd/mm/yyyy'),'CUS14','EMP02',3441000,'BR02');
INSERT INTO CN02.INVOICE VALUES ('INV11',to_date('05/11/2021','dd/mm/yyyy'),'CUS15','EMP02',1565000,'BR02');
INSERT INTO CN02.INVOICE VALUES ('INV12',to_date('05/11/2021','dd/mm/yyyy'),'CUS05','EMP02',400000,'BR02');

INSERT INTO CN02.INVOICE VALUES ('INV21',to_date('13/11/2021','dd/mm/yyyy'),'CUS23','EMP02',225000,'BR02');
INSERT INTO CN02.INVOICE VALUES ('INV22',to_date('13/11/2021','dd/mm/yyyy'),'CUS45','EMP02',220000,'BR02');
INSERT INTO CN02.INVOICE VALUES ('INV23',to_date('13/11/2021','dd/mm/yyyy'),'CUS50','EMP02',340000,'BR02');
INSERT INTO CN02.INVOICE VALUES ('INV24',to_date('13/11/2021','dd/mm/yyyy'),'CUS21','EMP02',120000,'BR02');
INSERT INTO CN02.INVOICE VALUES ('INV25',to_date('14/11/2021','dd/mm/yyyy'),'CUS31','EMP02',48000,'BR02');
INSERT INTO CN02.INVOICE VALUES ('INV26',to_date('14/11/2021','dd/mm/yyyy'),'CUS22','EMP02',196000,'BR02');
INSERT INTO CN02.INVOICE VALUES ('INV27',to_date('14/11/2021','dd/mm/yyyy'),'CUS29','EMP02',90000,'BR02');
INSERT INTO CN02.INVOICE VALUES ('INV28',to_date('14/11/2021','dd/mm/yyyy'),'CUS09','EMP02',240000,'BR02');
INSERT INTO CN02.INVOICE VALUES ('INV29',to_date('14/11/2021','dd/mm/yyyy'),'CUS12','EMP02',360000,'BR02');
INSERT INTO CN02.INVOICE VALUES ('INV30',to_date('15/11/2021','dd/mm/yyyy'),'CUS34','EMP02',390000,'BR02');
INSERT INTO CN02.INVOICE VALUES ('INV31',to_date('15/11/2021','dd/mm/yyyy'),'CUS35','EMP02',168000,'BR02');
INSERT INTO CN02.INVOICE VALUES ('INV32',to_date('15/11/2021','dd/mm/yyyy'),'CUS48','EMP02',180000,'BR02');

INSERT INTO CN02.INVOICE VALUES ('INV41',to_date('17/11/2021','dd/mm/yyyy'),'CUS40','EMP02',400000,'BR02');
INSERT INTO CN02.INVOICE VALUES ('INV42',to_date('17/11/2021','dd/mm/yyyy'),'CUS39','EMP02',120000,'BR02');
INSERT INTO CN02.INVOICE VALUES ('INV43',to_date('17/11/2021','dd/mm/yyyy'),'CUS29','EMP03',390000,'BR02');
INSERT INTO CN02.INVOICE VALUES ('INV44',to_date('17/11/2021','dd/mm/yyyy'),'CUS19','EMP03',45000,'BR02');
INSERT INTO CN02.INVOICE VALUES ('INV45',to_date('17/11/2021','dd/mm/yyyy'),'CUS17','EMP04',675000,'BR02');
INSERT INTO CN02.INVOICE VALUES ('INV46',to_date('18/11/2021','dd/mm/yyyy'),'CUS27','EMP04',312000,'BR02');
INSERT INTO CN02.INVOICE VALUES ('INV47',to_date('18/11/2021','dd/mm/yyyy'),'CUS42','EMP04',114000,'BR02');
INSERT INTO CN02.INVOICE VALUES ('INV48',to_date('18/11/2021','dd/mm/yyyy'),'CUS43','EMP04',1580000,'BR02');
INSERT INTO CN02.INVOICE VALUES ('INV49',to_date('18/11/2021','dd/mm/yyyy'),'CUS10','EMP04',1315000,'BR02');
INSERT INTO CN02.INVOICE VALUES ('INV50',to_date('18/11/2021','dd/mm/yyyy'),'CUS14','EMP04',2588000,'BR02');

-- Insert into CN02.MANAGEMENU_MANAGER
INSERT INTO CN02.MANAGEMENU_MANAGER VALUES ('BR02','ME01',1,to_date('05/12/2021','dd/mm/yyyy'));
INSERT INTO CN02.MANAGEMENU_MANAGER VALUES ('BR02','ME02',1,to_date('05/12/2021','dd/mm/yyyy'));
INSERT INTO CN02.MANAGEMENU_MANAGER VALUES ('BR02','ME03',1,to_date('05/12/2021','dd/mm/yyyy'));
INSERT INTO CN02.MANAGEMENU_MANAGER VALUES ('BR02','ME04',1,to_date('05/12/2021','dd/mm/yyyy'));
INSERT INTO CN02.MANAGEMENU_MANAGER VALUES ('BR02','ME05',1,to_date('05/12/2021','dd/mm/yyyy'));
INSERT INTO CN02.MANAGEMENU_MANAGER VALUES ('BR02','ME06',1,to_date('05/12/2021','dd/mm/yyyy'));
INSERT INTO CN02.MANAGEMENU_MANAGER VALUES ('BR02','ME07',1,to_date('05/12/2021','dd/mm/yyyy'));
INSERT INTO CN02.MANAGEMENU_MANAGER VALUES ('BR02','ME08',1,to_date('05/12/2021','dd/mm/yyyy'));
INSERT INTO CN02.MANAGEMENU_MANAGER VALUES ('BR02','ME09',1,to_date('05/12/2021','dd/mm/yyyy'));
INSERT INTO CN02.MANAGEMENU_MANAGER VALUES ('BR02','ME10',1,to_date('05/12/2021','dd/mm/yyyy'));
INSERT INTO CN02.MANAGEMENU_MANAGER VALUES ('BR02','ME11',1,to_date('05/12/2021','dd/mm/yyyy'));
INSERT INTO CN02.MANAGEMENU_MANAGER VALUES ('BR02','ME12',1,to_date('05/12/2021','dd/mm/yyyy'));
INSERT INTO CN02.MANAGEMENU_MANAGER VALUES ('BR02','ME13',1,to_date('05/12/2021','dd/mm/yyyy'));
INSERT INTO CN02.MANAGEMENU_MANAGER VALUES ('BR02','ME14',1,to_date('05/12/2021','dd/mm/yyyy'));
INSERT INTO CN02.MANAGEMENU_MANAGER VALUES ('BR02','ME15',1,to_date('05/12/2021','dd/mm/yyyy'));
INSERT INTO CN02.MANAGEMENU_MANAGER VALUES ('BR02','ME16',1,to_date('05/12/2021','dd/mm/yyyy'));
INSERT INTO CN02.MANAGEMENU_MANAGER VALUES ('BR02','ME17',1,to_date('05/12/2021','dd/mm/yyyy'));
INSERT INTO CN02.MANAGEMENU_MANAGER VALUES ('BR02','ME18',1,to_date('05/12/2021','dd/mm/yyyy'));
INSERT INTO CN02.MANAGEMENU_MANAGER VALUES ('BR02','ME19',1,to_date('05/12/2021','dd/mm/yyyy'));
INSERT INTO CN02.MANAGEMENU_MANAGER VALUES ('BR02','ME20',1,to_date('05/12/2021','dd/mm/yyyy'));
INSERT INTO CN02.MANAGEMENU_MANAGER VALUES ('BR02','ME21',1,to_date('05/12/2021','dd/mm/yyyy'));
INSERT INTO CN02.MANAGEMENU_MANAGER VALUES ('BR02','ME22',1,to_date('05/12/2021','dd/mm/yyyy'));
INSERT INTO CN02.MANAGEMENU_MANAGER VALUES ('BR02','ME23',1,to_date('05/12/2021','dd/mm/yyyy'));
INSERT INTO CN02.MANAGEMENU_MANAGER VALUES ('BR02','ME24',1,to_date('05/12/2021','dd/mm/yyyy'));
INSERT INTO CN02.MANAGEMENU_MANAGER VALUES ('BR02','ME25',1,to_date('05/12/2021','dd/mm/yyyy'));
INSERT INTO CN02.MANAGEMENU_MANAGER VALUES ('BR02','ME26',1,to_date('05/12/2021','dd/mm/yyyy'));
INSERT INTO CN02.MANAGEMENU_MANAGER VALUES ('BR02','ME27',1,to_date('05/12/2021','dd/mm/yyyy'));
INSERT INTO CN02.MANAGEMENU_MANAGER VALUES ('BR02','ME28',1,to_date('05/12/2021','dd/mm/yyyy'));
INSERT INTO CN02.MANAGEMENU_MANAGER VALUES ('BR02','ME29',1,to_date('05/12/2021','dd/mm/yyyy'));
INSERT INTO CN02.MANAGEMENU_MANAGER VALUES ('BR02','ME30',1,to_date('05/12/2021','dd/mm/yyyy'));
INSERT INTO CN02.MANAGEMENU_MANAGER VALUES ('BR02','ME31',1,to_date('05/12/2021','dd/mm/yyyy'));
INSERT INTO CN02.MANAGEMENU_MANAGER VALUES ('BR02','ME32',1,to_date('05/12/2021','dd/mm/yyyy'));
INSERT INTO CN02.MANAGEMENU_MANAGER VALUES ('BR02','ME33',1,to_date('05/12/2021','dd/mm/yyyy'));
INSERT INTO CN02.MANAGEMENU_MANAGER VALUES ('BR02','ME34',1,to_date('05/12/2021','dd/mm/yyyy'));
INSERT INTO CN02.MANAGEMENU_MANAGER VALUES ('BR02','ME35',1,to_date('05/12/2021','dd/mm/yyyy'));
INSERT INTO CN02.MANAGEMENU_MANAGER VALUES ('BR02','ME36',1,to_date('05/12/2021','dd/mm/yyyy'));
INSERT INTO CN02.MANAGEMENU_MANAGER VALUES ('BR02','ME37',1,to_date('05/12/2021','dd/mm/yyyy'));
INSERT INTO CN02.MANAGEMENU_MANAGER VALUES ('BR02','ME38',1,to_date('05/12/2021','dd/mm/yyyy'));
INSERT INTO CN02.MANAGEMENU_MANAGER VALUES ('BR02','ME39',1,to_date('05/12/2021','dd/mm/yyyy'));
INSERT INTO CN02.MANAGEMENU_MANAGER VALUES ('BR02','ME40',1,to_date('05/12/2021','dd/mm/yyyy'));
INSERT INTO CN02.MANAGEMENU_MANAGER VALUES ('BR02','ME41',1,to_date('05/12/2021','dd/mm/yyyy'));
INSERT INTO CN02.MANAGEMENU_MANAGER VALUES ('BR02','ME42',1,to_date('05/12/2021','dd/mm/yyyy'));
INSERT INTO CN02.MANAGEMENU_MANAGER VALUES ('BR02','ME43',1,to_date('05/12/2021','dd/mm/yyyy'));
INSERT INTO CN02.MANAGEMENU_MANAGER VALUES ('BR02','ME44',1,to_date('05/12/2021','dd/mm/yyyy'));
INSERT INTO CN02.MANAGEMENU_MANAGER VALUES ('BR02','ME45',1,to_date('05/12/2021','dd/mm/yyyy'));
INSERT INTO CN02.MANAGEMENU_MANAGER VALUES ('BR02','ME46',1,to_date('05/12/2021','dd/mm/yyyy'));
INSERT INTO CN02.MANAGEMENU_MANAGER VALUES ('BR02','ME47',1,to_date('05/12/2021','dd/mm/yyyy'));
INSERT INTO CN02.MANAGEMENU_MANAGER VALUES ('BR02','ME48',1,to_date('05/12/2021','dd/mm/yyyy'));
INSERT INTO CN02.MANAGEMENU_MANAGER VALUES ('BR02','ME49',1,to_date('05/12/2021','dd/mm/yyyy'));
INSERT INTO CN02.MANAGEMENU_MANAGER VALUES ('BR02','ME50',1,to_date('05/12/2021','dd/mm/yyyy'));

-- Insert into CN02.MANAGEMENU_STAFF
INSERT INTO CN02.MANAGEMENU_STAFF VALUES ('BR02','ME01','Duoc Phep Ban',29);
INSERT INTO CN02.MANAGEMENU_STAFF VALUES ('BR02','ME02','Duoc Phep Ban',7);
INSERT INTO CN02.MANAGEMENU_STAFF VALUES ('BR02','ME03','Duoc Phep Ban',39);
INSERT INTO CN02.MANAGEMENU_STAFF VALUES ('BR02','ME04','Duoc Phep Ban',39);
INSERT INTO CN02.MANAGEMENU_STAFF VALUES ('BR02','ME05','Duoc Phep Ban',24);
INSERT INTO CN02.MANAGEMENU_STAFF VALUES ('BR02','ME06','Duoc Phep Ban',37);
INSERT INTO CN02.MANAGEMENU_STAFF VALUES ('BR02','ME07','Duoc Phep Ban',14);
INSERT INTO CN02.MANAGEMENU_STAFF VALUES ('BR02','ME08','Duoc Phep Ban',29);
INSERT INTO CN02.MANAGEMENU_STAFF VALUES ('BR02','ME09','Duoc Phep Ban',46);
INSERT INTO CN02.MANAGEMENU_STAFF VALUES ('BR02','ME10','Duoc Phep Ban',3);
INSERT INTO CN02.MANAGEMENU_STAFF VALUES ('BR02','ME11','Duoc Phep Ban',10);
INSERT INTO CN02.MANAGEMENU_STAFF VALUES ('BR02','ME12','Duoc Phep Ban',33);
INSERT INTO CN02.MANAGEMENU_STAFF VALUES ('BR02','ME13','Duoc Phep Ban',36);
INSERT INTO CN02.MANAGEMENU_STAFF VALUES ('BR02','ME14','Duoc Phep Ban',8);
INSERT INTO CN02.MANAGEMENU_STAFF VALUES ('BR02','ME15','Duoc Phep Ban',37);
INSERT INTO CN02.MANAGEMENU_STAFF VALUES ('BR02','ME16','Duoc Phep Ban',4);
INSERT INTO CN02.MANAGEMENU_STAFF VALUES ('BR02','ME17','Duoc Phep Ban',49);
INSERT INTO CN02.MANAGEMENU_STAFF VALUES ('BR02','ME18','Duoc Phep Ban',3);
INSERT INTO CN02.MANAGEMENU_STAFF VALUES ('BR02','ME19','Duoc Phep Ban',39);
INSERT INTO CN02.MANAGEMENU_STAFF VALUES ('BR02','ME20','Duoc Phep Ban',19);
INSERT INTO CN02.MANAGEMENU_STAFF VALUES ('BR02','ME21','Duoc Phep Ban',10);
INSERT INTO CN02.MANAGEMENU_STAFF VALUES ('BR02','ME22','Duoc Phep Ban',18);
INSERT INTO CN02.MANAGEMENU_STAFF VALUES ('BR02','ME23','Duoc Phep Ban',24);
INSERT INTO CN02.MANAGEMENU_STAFF VALUES ('BR02','ME24','Duoc Phep Ban',31);
INSERT INTO CN02.MANAGEMENU_STAFF VALUES ('BR02','ME25','Duoc Phep Ban',2);
INSERT INTO CN02.MANAGEMENU_STAFF VALUES ('BR02','ME26','Duoc Phep Ban',5);
INSERT INTO CN02.MANAGEMENU_STAFF VALUES ('BR02','ME27','Duoc Phep Ban',2);
INSERT INTO CN02.MANAGEMENU_STAFF VALUES ('BR02','ME28','Duoc Phep Ban',14);
INSERT INTO CN02.MANAGEMENU_STAFF VALUES ('BR02','ME29','Duoc Phep Ban',23);
INSERT INTO CN02.MANAGEMENU_STAFF VALUES ('BR02','ME30','Duoc Phep Ban',17);
INSERT INTO CN02.MANAGEMENU_STAFF VALUES ('BR02','ME31','Duoc Phep Ban',28);
INSERT INTO CN02.MANAGEMENU_STAFF VALUES ('BR02','ME32','Duoc Phep Ban',9);
INSERT INTO CN02.MANAGEMENU_STAFF VALUES ('BR02','ME33','Duoc Phep Ban',30);
INSERT INTO CN02.MANAGEMENU_STAFF VALUES ('BR02','ME34','Duoc Phep Ban',43);
INSERT INTO CN02.MANAGEMENU_STAFF VALUES ('BR02','ME35','Duoc Phep Ban',44);
INSERT INTO CN02.MANAGEMENU_STAFF VALUES ('BR02','ME36','Duoc Phep Ban',31);
INSERT INTO CN02.MANAGEMENU_STAFF VALUES ('BR02','ME37','Duoc Phep Ban',24);
INSERT INTO CN02.MANAGEMENU_STAFF VALUES ('BR02','ME38','Duoc Phep Ban',19);
INSERT INTO CN02.MANAGEMENU_STAFF VALUES ('BR02','ME39','Duoc Phep Ban',35);
INSERT INTO CN02.MANAGEMENU_STAFF VALUES ('BR02','ME40','Duoc Phep Ban',42);
INSERT INTO CN02.MANAGEMENU_STAFF VALUES ('BR02','ME41','Duoc Phep Ban',2);
INSERT INTO CN02.MANAGEMENU_STAFF VALUES ('BR02','ME42','Duoc Phep Ban',22);
INSERT INTO CN02.MANAGEMENU_STAFF VALUES ('BR02','ME43','Duoc Phep Ban',43);
INSERT INTO CN02.MANAGEMENU_STAFF VALUES ('BR02','ME44','Duoc Phep Ban',0);
INSERT INTO CN02.MANAGEMENU_STAFF VALUES ('BR02','ME45','Duoc Phep Ban',24);
INSERT INTO CN02.MANAGEMENU_STAFF VALUES ('BR02','ME46','Duoc Phep Ban',16);
INSERT INTO CN02.MANAGEMENU_STAFF VALUES ('BR02','ME47','Duoc Phep Ban',9);
INSERT INTO CN02.MANAGEMENU_STAFF VALUES ('BR02','ME48','Duoc Phep Ban',42);
INSERT INTO CN02.MANAGEMENU_STAFF VALUES ('BR02','ME49','Duoc Phep Ban',8);
INSERT INTO CN02.MANAGEMENU_STAFF VALUES ('BR02','ME50','Duoc Phep Ban',21);

-- Insert into CN02.INVOICELINE
INSERT INTO CN02.INVOICELINE VALUES ('INV01','ME01',13,260000);
INSERT INTO CN02.INVOICELINE VALUES ('INV01','ME02',1,15000);
INSERT INTO CN02.INVOICELINE VALUES ('INV01','ME10',10,450000);
INSERT INTO CN02.INVOICELINE VALUES ('INV02','ME11',14,630000);
INSERT INTO CN02.INVOICELINE VALUES ('INV02','ME12',2,90000);
INSERT INTO CN02.INVOICELINE VALUES ('INV03','ME29',11,330000);
INSERT INTO CN02.INVOICELINE VALUES ('INV03','ME30',6,270000);
INSERT INTO CN02.INVOICELINE VALUES ('INV03','ME31',3,135000);
INSERT INTO CN02.INVOICELINE VALUES ('INV04','ME34',6,228000);
INSERT INTO CN02.INVOICELINE VALUES ('INV04','ME35',8,320000);
INSERT INTO CN02.INVOICELINE VALUES ('INV04','ME36',9,360000);
INSERT INTO CN02.INVOICELINE VALUES ('INV05','ME20',13,390000);
INSERT INTO CN02.INVOICELINE VALUES ('INV05','ME21',1,36000);
INSERT INTO CN02.INVOICELINE VALUES ('INV05','ME22',6,234000);
INSERT INTO CN02.INVOICELINE VALUES ('INV06','ME28',14,448000);
INSERT INTO CN02.INVOICELINE VALUES ('INV06','ME29',6,180000);
INSERT INTO CN02.INVOICELINE VALUES ('INV06','ME30',3,135000);
INSERT INTO CN02.INVOICELINE VALUES ('INV07','ME37',7,280000);
INSERT INTO CN02.INVOICELINE VALUES ('INV07','ME38',6,240000);
INSERT INTO CN02.INVOICELINE VALUES ('INV07','ME39',7,280000);
INSERT INTO CN02.INVOICELINE VALUES ('INV07','ME40',6,180000);
INSERT INTO CN02.INVOICELINE VALUES ('INV07','ME41',7,245000);
INSERT INTO CN02.INVOICELINE VALUES ('INV08','ME47',6,144000);
INSERT INTO CN02.INVOICELINE VALUES ('INV08','ME48',5,175000);
INSERT INTO CN02.INVOICELINE VALUES ('INV08','ME49',11,264000);
INSERT INTO CN02.INVOICELINE VALUES ('INV08','ME50',2,40000);
INSERT INTO CN02.INVOICELINE VALUES ('INV09','ME50',6,120000);
INSERT INTO CN02.INVOICELINE VALUES ('INV09','ME01',5,100000);
INSERT INTO CN02.INVOICELINE VALUES ('INV09','ME02',3,45000);
INSERT INTO CN02.INVOICELINE VALUES ('INV09','ME03',2,36000);
INSERT INTO CN02.INVOICELINE VALUES ('INV09','ME04',8,120000);
INSERT INTO CN02.INVOICELINE VALUES ('INV09','ME05',2,48000);
INSERT INTO CN02.INVOICELINE VALUES ('INV10','ME19',7,210000);
INSERT INTO CN02.INVOICELINE VALUES ('INV10','ME20',1,30000);
INSERT INTO CN02.INVOICELINE VALUES ('INV10','ME21',2,72000);
INSERT INTO CN02.INVOICELINE VALUES ('INV10','ME22',4,156000);
INSERT INTO CN02.INVOICELINE VALUES ('INV10','ME23',62,2418000);
INSERT INTO CN02.INVOICELINE VALUES ('INV10','ME24',5,195000);
INSERT INTO CN02.INVOICELINE VALUES ('INV10','ME25',2,78000);
INSERT INTO CN02.INVOICELINE VALUES ('INV10','ME26',6,180000);
INSERT INTO CN02.INVOICELINE VALUES ('INV10','ME27',2,70000);
INSERT INTO CN02.INVOICELINE VALUES ('INV10','ME28',1,32000);
INSERT INTO CN02.INVOICELINE VALUES ('INV11','ME38',15,600000);
INSERT INTO CN02.INVOICELINE VALUES ('INV11','ME39',11,440000);
INSERT INTO CN02.INVOICELINE VALUES ('INV11','ME40',14,420000);
INSERT INTO CN02.INVOICELINE VALUES ('INV11','ME41',3,105000);
INSERT INTO CN02.INVOICELINE VALUES ('INV12','ME38',10,400000);

INSERT INTO CN02.INVOICELINE VALUES ('INV21','ME02',15,225000);
INSERT INTO CN02.INVOICELINE VALUES ('INV22','ME01',11,220000);
INSERT INTO CN02.INVOICELINE VALUES ('INV23','ME08',10,340000);
INSERT INTO CN02.INVOICELINE VALUES ('INV24','ME04',8,120000);
INSERT INTO CN02.INVOICELINE VALUES ('INV25','ME05',2,48000);
INSERT INTO CN02.INVOICELINE VALUES ('INV26','ME06',7,196000);
INSERT INTO CN02.INVOICELINE VALUES ('INV27','ME26',3,90000);
INSERT INTO CN02.INVOICELINE VALUES ('INV28','ME47',10,240000);
INSERT INTO CN02.INVOICELINE VALUES ('INV29','ME14',8,360000);
INSERT INTO CN02.INVOICELINE VALUES ('INV30','ME17',13,390000);
INSERT INTO CN02.INVOICELINE VALUES ('INV31','ME05',7,168000);
INSERT INTO CN02.INVOICELINE VALUES ('INV32','ME29',6,180000);

INSERT INTO CN02.INVOICELINE VALUES ('INV41','ME38',10,400000);
INSERT INTO CN02.INVOICELINE VALUES ('INV42','ME44',5,120000);
INSERT INTO CN02.INVOICELINE VALUES ('INV43','ME23',10,390000);
INSERT INTO CN02.INVOICELINE VALUES ('INV44','ME13',1,45000);
INSERT INTO CN02.INVOICELINE VALUES ('INV45','ME12',15,675000);
INSERT INTO CN02.INVOICELINE VALUES ('INV46','ME23',8,312000);
INSERT INTO CN02.INVOICELINE VALUES ('INV47','ME34',3,114000);
INSERT INTO CN02.INVOICELINE VALUES ('INV48','ME45',11,198000);
INSERT INTO CN02.INVOICELINE VALUES ('INV48','ME46',3,120000);
INSERT INTO CN02.INVOICELINE VALUES ('INV48','ME47',6,144000);
INSERT INTO CN02.INVOICELINE VALUES ('INV48','ME48',26,910000);
INSERT INTO CN02.INVOICELINE VALUES ('INV48','ME49',7,168000);
INSERT INTO CN02.INVOICELINE VALUES ('INV48','ME50',2,40000);
INSERT INTO CN02.INVOICELINE VALUES ('INV49','ME39',13,520000);
INSERT INTO CN02.INVOICELINE VALUES ('INV49','ME40',7,210000);
INSERT INTO CN02.INVOICELINE VALUES ('INV49','ME41',3,105000);
INSERT INTO CN02.INVOICELINE VALUES ('INV49','ME42',9,216000);
INSERT INTO CN02.INVOICELINE VALUES ('INV49','ME43',11,264000);
INSERT INTO CN02.INVOICELINE VALUES ('INV50','ME07',8,256000);
INSERT INTO CN02.INVOICELINE VALUES ('INV50','ME08',3,102000);
INSERT INTO CN02.INVOICELINE VALUES ('INV50','ME09',4,280000);
INSERT INTO CN02.INVOICELINE VALUES ('INV50','ME10',8,360000);
INSERT INTO CN02.INVOICELINE VALUES ('INV50','ME11',2,90000);
INSERT INTO CN02.INVOICELINE VALUES ('INV50','ME12',7,315000);
INSERT INTO CN02.INVOICELINE VALUES ('INV50','ME13',6,270000);
INSERT INTO CN02.INVOICELINE VALUES ('INV50','ME14',2,90000);
INSERT INTO CN02.INVOICELINE VALUES ('INV50','ME15',5,225000);
INSERT INTO CN02.INVOICELINE VALUES ('INV50','ME16',2,90000);
INSERT INTO CN02.INVOICELINE VALUES ('INV50','ME17',5,150000);
INSERT INTO CN02.INVOICELINE VALUES ('INV50','ME18',9,270000);
INSERT INTO CN02.INVOICELINE VALUES ('INV50','ME19',3,90000);