ALTER SESSION SET "_ORACLE_SCRIPT" = TRUE;

-- CREATE USER, GRANT
CREATE USER CN01 IDENTIFIED BY cn01;
CREATE USER CN02 IDENTIFIED BY cn02;
CREATE USER Director IDENTIFIED BY director;
CREATE USER Manager IDENTIFIED BY manager;
CREATE USER Staff IDENTIFIED BY staff;

GRANT CONNECT, DBA TO CN02;

-- CONNECT CN02 TO CREATE TABLES
CONNECT CN02/cn02;

-- SETTING TABLES
--
--

-- Setting table CN02.MENU (Replication) 
CREATE TABLE CN02.MENU (
    MenuID VARCHAR2(5) NOT NULL,
    MenuName VARCHAR2(50) NOT NULL,
    MenuType VARCHAR2(50) NULL,
    SalePrice NUMBER NULL,
    CONSTRAINT PK_MENU PRIMARY KEY (MenuID)
);

-- Setting table CN02.BRANCH (Phan manh ngang)
CREATE TABLE CN02.BRANCH (
    BranchID VARCHAR2(5) NOT NULL,
    BranchName VARCHAR2(50) NOT NULL,
    BranchAddress VARCHAR2(100) NULL,
    BranchPhone VARCHAR2(10) NULL,
    CONSTRAINT PK_BRANCH PRIMARY KEY (BranchID)
);

-- Setting table CN02.EMPLOYEE (Phan manh ngang dan xuat)
CREATE TABLE CN02.EMPLOYEE (
    EmployeeID VARCHAR2(5) NOT NULL,
    EmployeeName VARCHAR2(50) NOT NULL,
    Birthday DATE NULL,
    PhoneNumber VARCHAR2(10) NULL,
    EmployeeAddress VARCHAR2(50) NULL,
    BranchID VARCHAR2(5) NOT NULL,
    CONSTRAINT PK_EMPLOYEE PRIMARY KEY (EmployeeID)
);

-- Setting table CN02.INVOICE (Phan manh ngang dan xuat)
CREATE TABLE CN02.INVOICE (
    InvoiceID VARCHAR2(5) NOT NULL,
    InvoiceDate DATE NOT NULL,
    CustomerID VARCHAR2(5) NOT NULL,
    EmployeeID VARCHAR2(5) NOT NULL,
    Total NUMBER NULL,
    BranchID VARCHAR2(5) NOT NULL,
    CONSTRAINT PK_INVOICE PRIMARY KEY (InvoiceID)
);

-- Setting table CN02.INVOICELINE 
CREATE TABLE CN02.INVOICELINE (
    InvoiceID VARCHAR2(5) NOT NULL,
    MenuID VARCHAR2(5) NOT NULL,
    Quantity NUMBER NULL,
    SubTotal NUMBER NULL,
    CONSTRAINT PK_INVOICELINE PRIMARY KEY (InvoiceID, MenuID)
);

-- Setting table CN02.CUSTOMER_INFO
CREATE TABLE CN02.CUSTOMER_INFO (
    CustomerID VARCHAR2(5) NOT NULL,
    CustomerName VARCHAR2(50) NOT NULL,
    PhoneNumber VARCHAR2(10) NULL,
    CustomerAddress VARCHAR2(50) NULL,
    Birthday DATE NULL,
    CustomerType VARCHAR2(25) NULL,
    CONSTRAINT PK_CUSTOMERINFO PRIMARY KEY (CustomerID)
);

-- Setting table CN02.CUSTOMER_MANAGER
CREATE TABLE CN02.CUSTOMER_MANAGER (
    CustomerID VARCHAR2(5) NOT NULL,
    CumulativeTotal NUMBER,
    CONSTRAINT PK_CUSTOMERMANAGER PRIMARY KEY (CustomerID)
);

-- Setting table CN02.MANAGEMENU_MANAGER (Phan manh doc khong du thua tu bang MANAGEMENU) 
CREATE TABLE CN02.MANAGEMENU_MANAGER (
    BranchID VARCHAR2(5) NOT NULL,
    MenuID VARCHAR2(5) NOT NULL,
    Stage NUMBER NULL,
    UpdatedDate DATE NULL,
    CONSTRAINT PK_MENUMANAGER PRIMARY KEY (BranchID, MenuID)
);

-- Setting table CN02.MANAGEMENU_STAFF (Phan manh doc khong du thua tu bang MANAGEMENU) 
CREATE TABLE CN02.MANAGEMENU_STAFF (
    BranchID VARCHAR2(5) NOT NULL,
    MenuID VARCHAR2(5) NOT NULL,
    Status VARCHAR2(25) NULL,
    Promo NUMBER NULL,
    CONSTRAINT PK_MENUSTAFF PRIMARY KEY (BranchID, MenuID)
);

-- SETTING FOREIGN KEYS
--
--

ALTER TABLE CN02.EMPLOYEE
ADD CONSTRAINT FK_EMPLOYEE_BRANCH FOREIGN KEY (BranchID) REFERENCES CN02.BRANCH(BranchID);

ALTER TABLE CN02.INVOICE
ADD CONSTRAINT FK_INVOICE_CUSTOMER FOREIGN KEY (CustomerID) REFERENCES CN02.CUSTOMER_INFO(CustomerID);

ALTER TABLE CN02.INVOICE
ADD CONSTRAINT FK_INVOICE_EMPLOYEE FOREIGN KEY (EmployeeID) REFERENCES CN02.EMPLOYEE(EmployeeID);

ALTER TABLE CN02.INVOICE
ADD CONSTRAINT FK_INVOICE_BRANCH FOREIGN KEY (BranchID) REFERENCES CN02.BRANCH(BranchID);

ALTER TABLE CN02.INVOICELINE
ADD CONSTRAINT FK_INVOICELINE_INVOICE FOREIGN KEY (InvoiceID) REFERENCES CN02.INVOICE(InvoiceID);

ALTER TABLE CN02.INVOICELINE
ADD CONSTRAINT FK_INVOICELINE_MENU FOREIGN KEY (MenuID) REFERENCES CN02.MENU(MenuID);

ALTER TABLE CN02.MANAGEMENU_MANAGER
ADD CONSTRAINT FK_MENUMANAGER_BRANCH FOREIGN KEY (BranchID) REFERENCES CN02.BRANCH(BranchID);

ALTER TABLE CN02.MANAGEMENU_MANAGER
ADD CONSTRAINT FK_MENUMANAGER_MENU FOREIGN KEY (MenuID) REFERENCES CN02.MENU(MenuID);

ALTER TABLE CN02.MANAGEMENU_STAFF
ADD CONSTRAINT FK_MENUSTAFF_BRANCH FOREIGN KEY (BranchID) REFERENCES CN02.BRANCH(BranchID);

ALTER TABLE CN02.MANAGEMENU_STAFF
ADD CONSTRAINT FK_MENUSTAFF_MENU FOREIGN KEY (MenuID) REFERENCES CN02.MENU(MenuID);

-- CREATE TRIGGER
--
--
-- Trigger: Khong the them hay cap nhat vao chi tiet hoa don san pham o trang thai "Khong duoc phep ban"
CREATE OR REPLACE TRIGGER  TRIGGER_INSERT_UPDATE_ON_INVOICELINE
BEFORE INSERT OR UPDATE ON CN02.INVOICELINE
FOR EACH ROW
DECLARE
    v_status CN02.MANAGEMENU_STAFF.Status%TYPE;
BEGIN
    SELECT Status
    INTO v_status
    FROM CN02.MANAGEMENU_STAFF
    WHERE MenuID = :NEW.MenuID;
    
	IF v_status != 'Duoc Phep Ban' THEN
		BEGIN
		RAISE_APPLICATION_ERROR (-20102,'San pham khong duoc phep tai chi nhanh nay!');
		ROLLBACK;
		END;
	END IF;
END;

CREATE OR REPLACE TRIGGER  TRIGGER_INSERT_UPDATE_ON_MANAGEMENU_MANAGER
AFTER INSERT OR UPDATE ON CN02.MANAGEMENU_MANAGER
FOR EACH ROW
BEGIN    
	IF :NEW.Stage = 1 THEN
		UPDATE CN02.MANAGEMENU_STAFF
        SET Status = 'Duoc Phep Ban'
        WHERE MenuID = :NEW.MenuID;
    ELSE
        UPDATE CN02.MANAGEMENU_STAFF
        SET Status = 'Khong Duoc Phep Ban'
        WHERE MenuID = :NEW.MenuID;
	END IF;
END;

-- INSERT DATA
--
--

-- Date format
ALTER SESSION SET NLS_DATE_FORMAT =' DD/MM/YYYY ';

-- Insert to CN02.MENU
INSERT INTO CN02.MENU VALUES ('ME01','Sinh To Dau','Sinh To',20000);
INSERT INTO CN02.MENU VALUES ('ME02','Sinh To Bo','Sinh To',15000);
INSERT INTO CN02.MENU VALUES ('ME03','Sinh To Mang Cau','Sinh To',18000);
INSERT INTO CN02.MENU VALUES ('ME04','Sinh To Sapoche','Sinh To',15000);
INSERT INTO CN02.MENU VALUES ('ME05','Ca Phe Den Nong/Da','Ca Phe Pha Phin',24000);
INSERT INTO CN02.MENU VALUES ('ME06','Ca Phe Nau Nong/Da','Ca Phe Pha Phin',28000);
INSERT INTO CN02.MENU VALUES ('ME07','Ca Phe Sua Tuoi Nong/Da','Ca Phe Pha Phin',32000);
INSERT INTO CN02.MENU VALUES ('ME08','Ca Phe Sua Bac Ha','Ca Phe Pha Phin',34000);
INSERT INTO CN02.MENU VALUES ('ME09','Ca Phe Trung','Ca Phe Pha Phin',70000);
INSERT INTO CN02.MENU VALUES ('ME10','Latte Macchiato','Ca Phe Italy',45000);
INSERT INTO CN02.MENU VALUES ('ME11','Cappuccino','Ca Phe Italy',45000);
INSERT INTO CN02.MENU VALUES ('ME12','Caffé Latte','Ca Phe Italy',45000);
INSERT INTO CN02.MENU VALUES ('ME13','Mocaccino','Ca Phe Italy',45000);
INSERT INTO CN02.MENU VALUES ('ME14','Ristretto','Ca Phe Italy',45000);
INSERT INTO CN02.MENU VALUES ('ME15','Espresso','Ca Phe Italy',45000);
INSERT INTO CN02.MENU VALUES ('ME16','Lungo Espresso','Ca Phe Italy',45000);
INSERT INTO CN02.MENU VALUES ('ME17','Tra Gao Nau','Tra',30000);
INSERT INTO CN02.MENU VALUES ('ME18','Tra Dau','Tra',30000);
INSERT INTO CN02.MENU VALUES ('ME19','Tra Hoa Luc Tra','Tra',30000);
INSERT INTO CN02.MENU VALUES ('ME20','Tra Bi Dao','Tra',30000);
INSERT INTO CN02.MENU VALUES ('ME21','Tra Vai','Tra',36000);
INSERT INTO CN02.MENU VALUES ('ME22','Tra Mat Ong','Tra',39000);
INSERT INTO CN02.MENU VALUES ('ME23','Tra Alisan','Tra',39000);
INSERT INTO CN02.MENU VALUES ('ME24','Tra Oolong','Tra',39000);
INSERT INTO CN02.MENU VALUES ('ME25','Tra Den','Tra',39000);
INSERT INTO CN02.MENU VALUES ('ME26','Yogurt Blueberry','Da Xay',30000);
INSERT INTO CN02.MENU VALUES ('ME27','Choco Caramel','Da Xay',35000);
INSERT INTO CN02.MENU VALUES ('ME28','Matcha','Da Xay',32000);
INSERT INTO CN02.MENU VALUES ('ME29','Tra Sua Gao Nau','Da Xay',30000);
INSERT INTO CN02.MENU VALUES ('ME30','Tra Sua Okinawa Coffee','Da Xay',45000);
INSERT INTO CN02.MENU VALUES ('ME31','Tra Sua Okinawa Oreo Cream','Da Xay',45000);
INSERT INTO CN02.MENU VALUES ('ME32','Tra Sua Hokkaido','Tra Sua',38000);
INSERT INTO CN02.MENU VALUES ('ME33','Tra Sua Earl Grey','Tra Sua',38000);
INSERT INTO CN02.MENU VALUES ('ME34','Tra Sua Hazelnut','Tra Sua',38000);
INSERT INTO CN02.MENU VALUES ('ME35','Tra Sua Hokkaido','Tra Sua',40000);
INSERT INTO CN02.MENU VALUES ('ME36','Tra Sua Earl Grey','Tra Sua',40000);
INSERT INTO CN02.MENU VALUES ('ME37','Tra Sua Hazelnut','Tra Sua',40000);
INSERT INTO CN02.MENU VALUES ('ME38','Tra Sua Oreo','Tra Sua',40000);
INSERT INTO CN02.MENU VALUES ('ME39','Tra Sua Panna Cotta','Tra Sua',40000);
INSERT INTO CN02.MENU VALUES ('ME40','Tra Sua Hoa Dau Biec','Tra Sua',30000);
INSERT INTO CN02.MENU VALUES ('ME41','Tra Sua Chocolate Cake Cream','Tra Sua',35000);
INSERT INTO CN02.MENU VALUES ('ME42','Tiramisu','Banh Ngot',24000);
INSERT INTO CN02.MENU VALUES ('ME43','Oreo Cheesecake','Banh Ngot',24000);
INSERT INTO CN02.MENU VALUES ('ME44','Brownie Cookies Ice Cream','Banh Ngot',24000);
INSERT INTO CN02.MENU VALUES ('ME45','Caramel Macchiato Chocomallow','Banh Ngot',18000);
INSERT INTO CN02.MENU VALUES ('ME46','Mini Cookies','Banh Ngot',40000);
INSERT INTO CN02.MENU VALUES ('ME47','Soft Chocolate Chips Cookies','Banh Ngot',24000);
INSERT INTO CN02.MENU VALUES ('ME48','Cream Puffs','Banh Ngot',35000);
INSERT INTO CN02.MENU VALUES ('ME49','Avocado Panna Cotta Tart','Banh Ngot',24000);
INSERT INTO CN02.MENU VALUES ('ME50','Cupcakes','Banh Ngot',20000);

-- Insert into CN02.BRANCH 
INSERT INTO CN02.BRANCH VALUES ('BR01','Xo Viet Nghe Tinh','141 Xo Viet Nghe Tinh, Phuong 17, Quan Binh Thanh','0366866701');
INSERT INTO CN02.BRANCH VALUES ('BR02','Nguyen Gia Tri','6 Nguyen Gia Tri, Phuong 26, Quan Binh Thanh','0764853497');
INSERT INTO CN02.BRANCH VALUES ('BR03','Su Van Hanh','782 Su Van Hanh, Phuong 12, Quan 10','0971179784');
INSERT INTO CN02.BRANCH VALUES ('BR04','Phan Van Tri','190C Phan Van Tri, Phuong 12, Quan Binh Thanh','0938223929');
INSERT INTO CN02.BRANCH VALUES ('BR05','Hong Bang','307 Hong Bang, Phuong 11, Quan 5','0902542628');
INSERT INTO CN02.BRANCH VALUES ('BR06','Thanh Thai','154 Thanh Thai, Phuong 12, Quan 10','0909944516');
INSERT INTO CN02.BRANCH VALUES ('BR07','Hoa Lan','47G Hoa Lan, Phuong 2, Quan Phu Nhuan','0367823840');
INSERT INTO CN02.BRANCH VALUES ('BR08','Nguyen Du','53G Nguyen Du, Phuong Ben Nghe, Quan 1','0979159599');
INSERT INTO CN02.BRANCH VALUES ('BR09','Le Thi Rieng','41 Le Thi Rieng, Phuong Ben Thanh, Quan 1','0366866701');
INSERT INTO CN02.BRANCH VALUES ('BR10','Cong Hoa','43 Cong Hoa, Phuong 4, Quan Tan Binh','0366866701');
INSERT INTO CN02.BRANCH VALUES ('BR11','Phan Huy Ich','416 Phan Huy Ich, Phuong 12, Quan Go Vap','0366866701');
INSERT INTO CN02.BRANCH VALUES ('BR12','Huynh Van Banh','44 Huynh Van Banh, Phuong 15, Quan Phu Nhuan','0328067166');
INSERT INTO CN02.BRANCH VALUES ('BR13','Phan Xich Long','22 Phan Xich Long, Phuong 3, Quan Phu Nhuan','0379300292');
INSERT INTO CN02.BRANCH VALUES ('BR14','Thong Nhat','469 Thong Nhat, Phuong 16, Quan Go Vap','0366866701');
INSERT INTO CN02.BRANCH VALUES ('BR15','Riverside Residence','ST-04 Riverside Residence, Phuong Tan Phu, Quan 7','0862532339');
INSERT INTO CN02.BRANCH VALUES ('BR16','Huynh Tan Phat','485 Huynh Tan Phat, Phuong Tan Thuan Dong, Quan 7','0366866701');
INSERT INTO CN02.BRANCH VALUES ('BR17','Thoai Ngoc Hau','7A Thoai Ngoc Hau, Phuong Hoa Thach, Quan Tan Phu','0366866701');
INSERT INTO CN02.BRANCH VALUES ('BR18','Nguyen Thi Thap','402 Nguyen Thi Thap, Phuong Tan Quy, Quan 7','0366866701');
INSERT INTO CN02.BRANCH VALUES ('BR19','Tran Nhan Ton','2H Tran Nhan Ton, Phuong 2, Quan 10','0366866701');
INSERT INTO CN02.BRANCH VALUES ('BR20','Citizen Apartment','Citizen Apartment, Xa Binh Hung, Huyen Binh Chanh','0366866701');

-- Insert to CN02.EMPLOYEE
INSERT INTO CN02.EMPLOYEE VALUES ('EMP01','Vu Thuy Duong',to_date('18/09/2001','dd/mm/yyyy'),'0366866701','Vinh Phuc','BR02');
INSERT INTO CN02.EMPLOYEE VALUES ('EMP02','Phan Thai Tam',to_date('28/06/2001','dd/mm/yyyy'),'0764853497','Quang Nam','BR02');
INSERT INTO CN02.EMPLOYEE VALUES ('EMP03','Nguyen Thanh Sang',to_date('01/01/2001','dd/mm/yyyy'),'0366866701','Ho Chi Minh','BR02');
INSERT INTO CN02.EMPLOYEE VALUES ('EMP04','Hoang Van Tien Nhat',to_date('01/01/2001','dd/mm/yyyy'),'0366866701','Ho Chi Minh','BR02');
INSERT INTO CN02.EMPLOYEE VALUES ('EMP05','Tran Thi Ngoc An',to_date('06/06/2001','dd/mm/yyyy'),'0366866701','Binh Dinh','BR02');
INSERT INTO CN02.EMPLOYEE VALUES ('EMP06','Nguyen Xuan Minh Thu',to_date('01/01/2001','dd/mm/yyyy'),'0366866701','Kien Giang','BR02');
INSERT INTO CN02.EMPLOYEE VALUES ('EMP07','Le Thi Hong Cuc',to_date('27/01/2001','dd/mm/yyyy'),'0366866701','Tien Giang','BR02');
INSERT INTO CN02.EMPLOYEE VALUES ('EMP08','Ta Quang Huy',to_date('01/01/2001','dd/mm/yyyy'),'0366866701','Bien Hoa','BR02');
INSERT INTO CN02.EMPLOYEE VALUES ('EMP09','Tran Thanh Trung',to_date('01/01/2001','dd/mm/yyyy'),'0366866701','Ben Tre','BR02');
INSERT INTO CN02.EMPLOYEE VALUES ('EMP10','Luu Tran Anh Khoa',to_date('01/01/2001','dd/mm/yyyy'),'0366866701','Long An','BR02');

-- Insert to CN02.CUSTOMER_INFO
INSERT INTO CN02.CUSTOMER_INFO VALUES ('CUS01','Bui Ngoc Bao Thy','0375130491','Ho Chi Minh',to_date('28/06/2000','dd/mm/yyyy'),'Stardard');
INSERT INTO CN02.CUSTOMER_INFO VALUES ('CUS02','Vo Ngoc Hoai Thuong','0901006848','Binh Dinh',to_date('07/06/2001','dd/mm/yyyy'),'Stardard');
INSERT INTO CN02.CUSTOMER_INFO VALUES ('CUS03','Nguyen Ngoc Hai Yen','0931127827','Ho Chi Minh',to_date('19/08/1998','dd/mm/yyyy'),'Stardard');
INSERT INTO CN02.CUSTOMER_INFO VALUES ('CUS04','Nguyen Huu Khac Phuc','0931199244','Quang Nam',to_date('28/06/2001','dd/mm/yyyy'),'Stardard');
INSERT INTO CN02.CUSTOMER_INFO VALUES ('CUS05','Nguyen Ba Hoc','0931199844','Da Lat',to_date('08/07/2000','dd/mm/yyyy'),'Stardard');
INSERT INTO CN02.CUSTOMER_INFO VALUES ('CUS06','Cao Huy','0901006025','Sa Pa',to_date('18/12/2004','dd/mm/yyyy'),'Stardard');
INSERT INTO CN02.CUSTOMER_INFO VALUES ('CUS07','Ngo Le Thao Dung','0931900611','Nha Trang',to_date('12/12/2005','dd/mm/yyyy'),'Stardard');
INSERT INTO CN02.CUSTOMER_INFO VALUES ('CUS08','Nguyen Minh Toan','0904391156','Ha Noi',to_date('12/12/2005','dd/mm/yyyy'),'Stardard');
INSERT INTO CN02.CUSTOMER_INFO VALUES ('CUS09','Le Huu Nhat Khoa','0375130491','Quang Nam',to_date('02/08/1990','dd/mm/yyyy'),'Stardard');
INSERT INTO CN02.CUSTOMER_INFO VALUES ('CUS10','Nguyen Trong Kien','0901006848','Gia Lai',to_date('23/09/1997','dd/mm/yyyy'),'Stardard');
INSERT INTO CN02.CUSTOMER_INFO VALUES ('CUS11','Nguyen Hieu Kien','0931127827','Vung Tau',to_date('23/01/2001','dd/mm/yyyy'),'Stardard');
INSERT INTO CN02.CUSTOMER_INFO VALUES ('CUS12','Nguyen Bich Tram','0931199244','Nghe An',to_date('29/03/1999','dd/mm/yyyy'),'Stardard');
INSERT INTO CN02.CUSTOMER_INFO VALUES ('CUS13','Do Hong Dung','0931199844','Dak Lak',to_date('09/07/2000','dd/mm/yyyy'),'Stardard');
INSERT INTO CN02.CUSTOMER_INFO VALUES ('CUS14','Hoang Hanh Nguyen','0901006025','Da Lat',to_date('31/12/2001','dd/mm/yyyy'),'Stardard');
INSERT INTO CN02.CUSTOMER_INFO VALUES ('CUS15','Pham Duy Ngoc Tram','0931900611','Long An',to_date('05/10/1998','dd/mm/yyyy'),'Stardard');
INSERT INTO CN02.CUSTOMER_INFO VALUES ('CUS16','Nguyen Ngoc Thao Nhi','0904391156','Hai Phong',to_date('06/07/2003','dd/mm/yyyy'),'Stardard');
INSERT INTO CN02.CUSTOMER_INFO VALUES ('CUS17','Do Nguyen Lam','0375130491','Ho Chi Minh',to_date('17/05/1997','dd/mm/yyyy'),'Stardard');
INSERT INTO CN02.CUSTOMER_INFO VALUES ('CUS18','Vu Nhat Linh','0901006848','Lam Dong',to_date('23/09/1990','dd/mm/yyyy'),'Stardard');
INSERT INTO CN02.CUSTOMER_INFO VALUES ('CUS19','Nguyen Thao Huong','0931127827','Bien Hoa',to_date('27/08/1991','dd/mm/yyyy'),'Stardard');
INSERT INTO CN02.CUSTOMER_INFO VALUES ('CUS20','Nguyen Thi Ngoc Mai','0931199244','Binh Dinh',to_date('04/04/1992','dd/mm/yyyy'),'Stardard');
INSERT INTO CN02.CUSTOMER_INFO VALUES ('CUS21','Nguyen Ngan Thi','0931199844','Binh Phuoc',to_date('06/09/1993','dd/mm/yyyy'),'Stardard');
INSERT INTO CN02.CUSTOMER_INFO VALUES ('CUS22','Nguyen Ngoc Phuong Thuy','0901006025','Quang Ngai',to_date('30/10/2002','dd/mm/yyyy'),'Stardard');
INSERT INTO CN02.CUSTOMER_INFO VALUES ('CUS23','Tran Do Tuong Vy','0931900611','Phan Thiet',to_date('09/08/1998','dd/mm/yyyy'),'Stardard');
INSERT INTO CN02.CUSTOMER_INFO VALUES ('CUS24','Nguyen Ngoc Thuy Tien','0904391156','Quang Binh',to_date('04/05/2000','dd/mm/yyyy'),'Stardard');
INSERT INTO CN02.CUSTOMER_INFO VALUES ('CUS25','Tran Ngoc Minh','0375130491','Binh Duong',to_date('28/09/1996','dd/mm/yyyy'),'Stardard');
INSERT INTO CN02.CUSTOMER_INFO VALUES ('CUS26','Vu Hong Phuong Anh','0375130491','Ca Mau',to_date('19/10/1996','dd/mm/yyyy'),'Stardard');
INSERT INTO CN02.CUSTOMER_INFO VALUES ('CUS27','Le Anh Thu','0901006848','Ben Tre',to_date('30/10/2008','dd/mm/yyyy'),'Stardard');
INSERT INTO CN02.CUSTOMER_INFO VALUES ('CUS28','Tran Thao Ngan','0931127827','Tien Giang',to_date('28/03/2001','dd/mm/yyyy'),'Stardard');
INSERT INTO CN02.CUSTOMER_INFO VALUES ('CUS29','Nguyen Ngoc Quynh Thanh','0931199244','Dong Thap',to_date('27/09/2002','dd/mm/yyyy'),'Stardard');
INSERT INTO CN02.CUSTOMER_INFO VALUES ('CUS30','Mai Ha Hoang Yen','0931199844','Can Tho',to_date('29/11/1978','dd/mm/yyyy'),'Stardard');
INSERT INTO CN02.CUSTOMER_INFO VALUES ('CUS31','Trinh Hong Phuc','0901006025','Ha Noi ',to_date('23/12/2003','dd/mm/yyyy'),'Stardard');
INSERT INTO CN02.CUSTOMER_INFO VALUES ('CUS32','Le Thanh Vi','0931900611','Ha Nam',to_date('05/11/2009','dd/mm/yyyy'),'Stardard');
INSERT INTO CN02.CUSTOMER_INFO VALUES ('CUS33','Nguyen Minh Tuyen','0904391156','Phu Tho',to_date('02/03/1994','dd/mm/yyyy'),'Stardard');
INSERT INTO CN02.CUSTOMER_INFO VALUES ('CUS34','Mai Thanh Thao','0375130491','Da Nang',to_date('05/09/2005','dd/mm/yyyy'),'Stardard');
INSERT INTO CN02.CUSTOMER_INFO VALUES ('CUS35','Duong Thanh Ngan','0901006848','Soc Trang',to_date('25/12/1988','dd/mm/yyyy'),'Stardard');
INSERT INTO CN02.CUSTOMER_INFO VALUES ('CUS36','Ngoc Phuong Trang','0931127827','Sa Pa',to_date('14/07/1998','dd/mm/yyyy'),'Stardard');
INSERT INTO CN02.CUSTOMER_INFO VALUES ('CUS37','Nguyen Kieu Trang','0931199244','Lang Son',to_date('28/12/1995','dd/mm/yyyy'),'Stardard');
INSERT INTO CN02.CUSTOMER_INFO VALUES ('CUS38','Bui Minh Hoai','0931199844','Son La',to_date('17/08/1975','dd/mm/yyyy'),'Stardard');
INSERT INTO CN02.CUSTOMER_INFO VALUES ('CUS39','Tran Man Chi','0901006025','Ho Chi Minh',to_date('07/12/1993','dd/mm/yyyy'),'Stardard');
INSERT INTO CN02.CUSTOMER_INFO VALUES ('CUS40','Ngo Bao Hoa','0931900611','Binh Duong',to_date('11/09/1977','dd/mm/yyyy'),'Stardard');
INSERT INTO CN02.CUSTOMER_INFO VALUES ('CUS41','Tran Nguyen Yen Vy','0904391156','Da Nang',to_date('30/03/1998','dd/mm/yyyy'),'Stardard');
INSERT INTO CN02.CUSTOMER_INFO VALUES ('CUS42','Thach Diep Thao Nguyen','0375130491','Can Gio',to_date('09/04/1999','dd/mm/yyyy'),'Stardard');
INSERT INTO CN02.CUSTOMER_INFO VALUES ('CUS43','Ho Thi Ngoc Tram','0901006848','Ca Mau',to_date('01/05/2001','dd/mm/yyyy'),'Stardard');
INSERT INTO CN02.CUSTOMER_INFO VALUES ('CUS44','Vuong Gia Han','0931127827','Ha Noi ',to_date('19/12/1975','dd/mm/yyyy'),'Stardard');
INSERT INTO CN02.CUSTOMER_INFO VALUES ('CUS45','Ngo Ngoc Dan Thy','0931199244','Dong Thap',to_date('14/09/2000','dd/mm/yyyy'),'Stardard');
INSERT INTO CN02.CUSTOMER_INFO VALUES ('CUS46','Nguyen Ha Bao Ngan','0931199844','Phan Thiet',to_date('07/08/1974','dd/mm/yyyy'),'Stardard');
INSERT INTO CN02.CUSTOMER_INFO VALUES ('CUS47','Vu Nguyen Anh Vy','0901006025','Ho Chi Minh',to_date('27/11/2002','dd/mm/yyyy'),'Stardard');
INSERT INTO CN02.CUSTOMER_INFO VALUES ('CUS48','Nguyen Do Anh Vy','0931900611','Vinh Phuc',to_date('12/10/1982','dd/mm/yyyy'),'Stardard');
INSERT INTO CN02.CUSTOMER_INFO VALUES ('CUS49','Tran Thu Huong','0904391156','Bac Ninh',to_date('24/11/1999','dd/mm/yyyy'),'Stardard');
INSERT INTO CN02.CUSTOMER_INFO VALUES ('CUS50','Nguyen Ha Thao Linh','0375130492','Hung Yen',to_date('24/01/1997','dd/mm/yyyy'),'Stardard');
INSERT INTO CUSTOMER_INFO VALUES ('CUS51','Dang Tuan Anh','0375130491','Ho Chi Minh',to_date('08/12/2001','dd/mm/yyyy'),'Stardard');
INSERT INTO CUSTOMER_INFO VALUES ('CUS52','Hoang Duc Anh','0901006848','Ho Chi Minh',to_date('26/01/2001','dd/mm/yyyy'),'Stardard');
INSERT INTO CUSTOMER_INFO VALUES ('CUS53','Luu Trang Anh','0931127827','Ho Chi Minh',to_date('16/05/2001','dd/mm/yyyy'),'Stardard');
INSERT INTO CUSTOMER_INFO VALUES ('CUS54','Pham Hoang Anh','0931199244','Ho Chi Minh',to_date('05/11/2001','dd/mm/yyyy'),'Stardard');
INSERT INTO CUSTOMER_INFO VALUES ('CUS55','Pham Thi Hien Anh','0931199245','Thu Duc',to_date('19/12/1975','dd/mm/yyyy'),'Stardard');
INSERT INTO CUSTOMER_INFO VALUES ('CUS56','Pham Khac Viet Anh','0931199246','Phu Tho',to_date('14/09/2000','dd/mm/yyyy'),'Stardard');
INSERT INTO CUSTOMER_INFO VALUES ('CUS57','Do Hoang Gia Bao','0931199247','Thu Duc',to_date('07/08/1974','dd/mm/yyyy'),'Stardard');
INSERT INTO CUSTOMER_INFO VALUES ('CUS58','Tran Thi Minh Chau','0931199248','Thu Duc',to_date('27/11/2002','dd/mm/yyyy'),'Stardard');
INSERT INTO CUSTOMER_INFO VALUES ('CUS59','Tang Phuong Chi','0931199249','Thu Duc',to_date('12/10/1982','dd/mm/yyyy'),'Stardard');
INSERT INTO CUSTOMER_INFO VALUES ('CUS60','Gan Feng Du','0931199250','Ho Chi Minh',to_date('24/11/1999','dd/mm/yyyy'),'Stardard');
INSERT INTO CUSTOMER_INFO VALUES ('CUS61','Pham Tien Dung','0931199251','Ho Chi Minh',to_date('10/07/2001','dd/mm/yyyy'),'Stardard');
INSERT INTO CUSTOMER_INFO VALUES ('CUS62','Nguyen Thai Duong','0931199252','Ho Chi Minh',to_date('26/03/2001','dd/mm/yyyy'),'Stardard');
INSERT INTO CUSTOMER_INFO VALUES ('CUS63','Tran An Duong','0931199253','Ho Chi Minh',to_date('18/11/2001','dd/mm/yyyy'),'Stardard');
INSERT INTO CUSTOMER_INFO VALUES ('CUS64','Mac Trung Duc','0931199254','Ho Chi Minh',to_date('22/07/2001','dd/mm/yyyy'),'Stardard');
INSERT INTO CUSTOMER_INFO VALUES ('CUS65','Vu Huong Giang','0931199255','Ha Noi ',to_date('11/02/2001','dd/mm/yyyy'),'Stardard');
INSERT INTO CUSTOMER_INFO VALUES ('CUS66','Nguyen Thi Ngan Ha','0931199256','Ha Noi ',to_date('25/07/2001','dd/mm/yyyy'),'Stardard');
INSERT INTO CUSTOMER_INFO VALUES ('CUS67','Nguyen Le Hieu','0375130491','Lang Son',to_date('19/12/1975','dd/mm/yyyy'),'Stardard');
INSERT INTO CUSTOMER_INFO VALUES ('CUS68','Pham Xuan Hoa','0901006848','Ha Noi ',to_date('14/09/2000','dd/mm/yyyy'),'Stardard');
INSERT INTO CUSTOMER_INFO VALUES ('CUS69','Dang Quoc Viet','0931127827','Ha Noi ',to_date('07/08/1974','dd/mm/yyyy'),'Stardard');
INSERT INTO CUSTOMER_INFO VALUES ('CUS70','Hoang Van Bao','0931199248','Hai Phong',to_date('27/11/2002','dd/mm/yyyy'),'Stardard');
INSERT INTO CUSTOMER_INFO VALUES ('CUS71','Luu Thanh Tuan','0931199249','Ha Noi ',to_date('12/10/1982','dd/mm/yyyy'),'Stardard');
INSERT INTO CUSTOMER_INFO VALUES ('CUS72','Hoang Thi Thanh Mai','0931199250','Nam Dinh',to_date('24/11/1999','dd/mm/yyyy'),'Stardard');
INSERT INTO CUSTOMER_INFO VALUES ('CUS73','Nguyen Quynh Hoa','0931199251','Ha Noi ',to_date('08/07/2001','dd/mm/yyyy'),'Stardard');
INSERT INTO CUSTOMER_INFO VALUES ('CUS74','Cao Thi Xuan Dung','0931199252','Ha Noi ',to_date('20/01/2001','dd/mm/yyyy'),'Stardard');
INSERT INTO CUSTOMER_INFO VALUES ('CUS75','Do Hong Viet','0931199253','Ha Noi ',to_date('23/12/2001','dd/mm/yyyy'),'Stardard');
INSERT INTO CUSTOMER_INFO VALUES ('CUS76','Pham Thi Thu Huong','0375130491','Quang Nam',to_date('29/05/2001','dd/mm/yyyy'),'Stardard');
INSERT INTO CUSTOMER_INFO VALUES ('CUS77','Bui Thi Van Thien','0901006848','Quang Nam',to_date('28/10/2001','dd/mm/yyyy'),'Stardard');
INSERT INTO CUSTOMER_INFO VALUES ('CUS78','Nguyen Thi Thu Hien','0931127827','Quang Nam',to_date('13/04/2001','dd/mm/yyyy'),'Stardard');
INSERT INTO CUSTOMER_INFO VALUES ('CUS79','Nguyen Thi Tra My','0931199244','Ha Nam',to_date('13/12/2001','dd/mm/yyyy'),'Stardard');
INSERT INTO CUSTOMER_INFO VALUES ('CUS80','Tran Thi Thuy','0931199844','Quang Nam',to_date('25/12/2001','dd/mm/yyyy'),'Stardard');
INSERT INTO CUSTOMER_INFO VALUES ('CUS81','Tran Trong Dung','0931199256','Quang Nam',to_date('13/07/2001','dd/mm/yyyy'),'Stardard');
INSERT INTO CUSTOMER_INFO VALUES ('CUS82','Mac Van Viet','0375130491','Nam Dinh',to_date('19/12/1975','dd/mm/yyyy'),'Stardard');
INSERT INTO CUSTOMER_INFO VALUES ('CUS83','Bui Thi Thu Huong','0375130492','Quang Nam',to_date('14/09/2000','dd/mm/yyyy'),'Stardard');
INSERT INTO CUSTOMER_INFO VALUES ('CUS84','Nguyen Van Dam','0375130493','Da Nang',to_date('07/08/1974','dd/mm/yyyy'),'Stardard');
INSERT INTO CUSTOMER_INFO VALUES ('CUS85','Le Thi Hoi','0375130494','Soc Trang',to_date('27/11/2002','dd/mm/yyyy'),'Stardard');
INSERT INTO CUSTOMER_INFO VALUES ('CUS86','Pham Van Cuong','0375130495','Sa Pa',to_date('12/10/1982','dd/mm/yyyy'),'Stardard');
INSERT INTO CUSTOMER_INFO VALUES ('CUS87','Khoa Nang Tung','0931199244','Lang Son',to_date('24/11/1999','dd/mm/yyyy'),'Stardard');
INSERT INTO CUSTOMER_INFO VALUES ('CUS88','Nguyen Huu Hoa','0931199844','Son La',to_date('15/01/2001','dd/mm/yyyy'),'Stardard');
INSERT INTO CUSTOMER_INFO VALUES ('CUS89','Nguyen Van Long','0901006025','Ho Chi Minh',to_date('15/09/2001','dd/mm/yyyy'),'Stardard');
INSERT INTO CUSTOMER_INFO VALUES ('CUS90','Nguyen Thi Duong','0931199244','Binh Duong',to_date('16/03/2001','dd/mm/yyyy'),'Stardard');
INSERT INTO CUSTOMER_INFO VALUES ('CUS91','To Thi Mai','0931199245','Da Nang',to_date('21/05/2001','dd/mm/yyyy'),'Stardard');
INSERT INTO CUSTOMER_INFO VALUES ('CUS92','Pham Duy','0375130491','Can Gio',to_date('12/12/2001','dd/mm/yyyy'),'Stardard');
INSERT INTO CUSTOMER_INFO VALUES ('CUS93','Bui Pham Van Anh','0901006848','Ca Mau',to_date('01/05/2001','dd/mm/yyyy'),'Stardard');
INSERT INTO CUSTOMER_INFO VALUES ('CUS94','Do Quang Minh','0931127827','Ha Noi ',to_date('19/12/1975','dd/mm/yyyy'),'Stardard');
INSERT INTO CUSTOMER_INFO VALUES ('CUS95','Nguyen Thi Thu Hang','0931199244','Dong Thap',to_date('14/09/2000','dd/mm/yyyy'),'Stardard');
INSERT INTO CUSTOMER_INFO VALUES ('CUS96','Cao Thi Phuong Thao','0931199844','Phan Thiet',to_date('07/08/1974','dd/mm/yyyy'),'Stardard');
INSERT INTO CUSTOMER_INFO VALUES ('CUS97','Nguyen Thi Viet Yen','0901006025','Ho Chi Minh',to_date('27/11/2002','dd/mm/yyyy'),'Stardard');
INSERT INTO CUSTOMER_INFO VALUES ('CUS98','Bui Van Quan','0931199248','Vinh Phuc',to_date('12/10/1982','dd/mm/yyyy'),'Stardard');
INSERT INTO CUSTOMER_INFO VALUES ('CUS99','Nguyen Thi Huong','0931199249','Bac Ninh',to_date('24/11/1999','dd/mm/yyyy'),'Stardard');
INSERT INTO CUSTOMER_INFO VALUES ('C100','Nguyen Thi Mai','0931199250','Hung Yen',to_date('24/01/1997','dd/mm/yyyy'),'Stardard');

-- Insert into CN02.CUSTOMER_MANAGER
INSERT INTO CN02.CUSTOMER_MANAGER VALUES ('CUS01',0);
INSERT INTO CN02.CUSTOMER_MANAGER VALUES ('CUS02',0);
INSERT INTO CN02.CUSTOMER_MANAGER VALUES ('CUS03',0);
INSERT INTO CN02.CUSTOMER_MANAGER VALUES ('CUS04',0);
INSERT INTO CN02.CUSTOMER_MANAGER VALUES ('CUS05',0);
INSERT INTO CN02.CUSTOMER_MANAGER VALUES ('CUS06',0);
INSERT INTO CN02.CUSTOMER_MANAGER VALUES ('CUS07',0);
INSERT INTO CN02.CUSTOMER_MANAGER VALUES ('CUS08',0);
INSERT INTO CN02.CUSTOMER_MANAGER VALUES ('CUS09',0);
INSERT INTO CN02.CUSTOMER_MANAGER VALUES ('CUS10',0);
INSERT INTO CN02.CUSTOMER_MANAGER VALUES ('CUS11',0);
INSERT INTO CN02.CUSTOMER_MANAGER VALUES ('CUS12',0);
INSERT INTO CN02.CUSTOMER_MANAGER VALUES ('CUS13',0);
INSERT INTO CN02.CUSTOMER_MANAGER VALUES ('CUS14',0);
INSERT INTO CN02.CUSTOMER_MANAGER VALUES ('CUS15',0);
INSERT INTO CN02.CUSTOMER_MANAGER VALUES ('CUS16',0);
INSERT INTO CN02.CUSTOMER_MANAGER VALUES ('CUS17',0);
INSERT INTO CN02.CUSTOMER_MANAGER VALUES ('CUS18',0);
INSERT INTO CN02.CUSTOMER_MANAGER VALUES ('CUS19',0);
INSERT INTO CN02.CUSTOMER_MANAGER VALUES ('CUS20',0);
INSERT INTO CN02.CUSTOMER_MANAGER VALUES ('CUS21',0);
INSERT INTO CN02.CUSTOMER_MANAGER VALUES ('CUS22',0);
INSERT INTO CN02.CUSTOMER_MANAGER VALUES ('CUS23',0);
INSERT INTO CN02.CUSTOMER_MANAGER VALUES ('CUS24',0);
INSERT INTO CN02.CUSTOMER_MANAGER VALUES ('CUS25',0);
INSERT INTO CN02.CUSTOMER_MANAGER VALUES ('CUS26',0);
INSERT INTO CN02.CUSTOMER_MANAGER VALUES ('CUS27',0);
INSERT INTO CN02.CUSTOMER_MANAGER VALUES ('CUS28',0);
INSERT INTO CN02.CUSTOMER_MANAGER VALUES ('CUS29',0);
INSERT INTO CN02.CUSTOMER_MANAGER VALUES ('CUS30',0);
INSERT INTO CN02.CUSTOMER_MANAGER VALUES ('CUS31',0);
INSERT INTO CN02.CUSTOMER_MANAGER VALUES ('CUS32',0);
INSERT INTO CN02.CUSTOMER_MANAGER VALUES ('CUS33',0);
INSERT INTO CN02.CUSTOMER_MANAGER VALUES ('CUS34',0);
INSERT INTO CN02.CUSTOMER_MANAGER VALUES ('CUS35',0);
INSERT INTO CN02.CUSTOMER_MANAGER VALUES ('CUS36',0);
INSERT INTO CN02.CUSTOMER_MANAGER VALUES ('CUS37',0);
INSERT INTO CN02.CUSTOMER_MANAGER VALUES ('CUS38',0);
INSERT INTO CN02.CUSTOMER_MANAGER VALUES ('CUS39',0);
INSERT INTO CN02.CUSTOMER_MANAGER VALUES ('CUS40',0);
INSERT INTO CN02.CUSTOMER_MANAGER VALUES ('CUS41',0);
INSERT INTO CN02.CUSTOMER_MANAGER VALUES ('CUS42',0);
INSERT INTO CN02.CUSTOMER_MANAGER VALUES ('CUS43',0);
INSERT INTO CN02.CUSTOMER_MANAGER VALUES ('CUS44',0);
INSERT INTO CN02.CUSTOMER_MANAGER VALUES ('CUS45',0);
INSERT INTO CN02.CUSTOMER_MANAGER VALUES ('CUS46',0);
INSERT INTO CN02.CUSTOMER_MANAGER VALUES ('CUS47',0);
INSERT INTO CN02.CUSTOMER_MANAGER VALUES ('CUS48',0);
INSERT INTO CN02.CUSTOMER_MANAGER VALUES ('CUS49',0);
INSERT INTO CN02.CUSTOMER_MANAGER VALUES ('CUS50',0);
INSERT INTO CUSTOMER_MANAGER VALUES ('CUS51',0);
INSERT INTO CUSTOMER_MANAGER VALUES ('CUS52',0);
INSERT INTO CUSTOMER_MANAGER VALUES ('CUS53',0);
INSERT INTO CUSTOMER_MANAGER VALUES ('CUS54',0);
INSERT INTO CUSTOMER_MANAGER VALUES ('CUS55',0);
INSERT INTO CUSTOMER_MANAGER VALUES ('CUS56',0);
INSERT INTO CUSTOMER_MANAGER VALUES ('CUS57',0);
INSERT INTO CUSTOMER_MANAGER VALUES ('CUS58',0);
INSERT INTO CUSTOMER_MANAGER VALUES ('CUS59',0);
INSERT INTO CUSTOMER_MANAGER VALUES ('CUS60',0);
INSERT INTO CUSTOMER_MANAGER VALUES ('CUS61',0);
INSERT INTO CUSTOMER_MANAGER VALUES ('CUS62',0);
INSERT INTO CUSTOMER_MANAGER VALUES ('CUS63',0);
INSERT INTO CUSTOMER_MANAGER VALUES ('CUS64',0);
INSERT INTO CUSTOMER_MANAGER VALUES ('CUS65',0);
INSERT INTO CUSTOMER_MANAGER VALUES ('CUS66',0);
INSERT INTO CUSTOMER_MANAGER VALUES ('CUS67',0);
INSERT INTO CUSTOMER_MANAGER VALUES ('CUS68',0);
INSERT INTO CUSTOMER_MANAGER VALUES ('CUS69',0);
INSERT INTO CUSTOMER_MANAGER VALUES ('CUS70',0);
INSERT INTO CUSTOMER_MANAGER VALUES ('CUS71',0);
INSERT INTO CUSTOMER_MANAGER VALUES ('CUS72',0);
INSERT INTO CUSTOMER_MANAGER VALUES ('CUS73',0);
INSERT INTO CUSTOMER_MANAGER VALUES ('CUS74',0);
INSERT INTO CUSTOMER_MANAGER VALUES ('CUS75',0);
INSERT INTO CUSTOMER_MANAGER VALUES ('CUS76',0);
INSERT INTO CUSTOMER_MANAGER VALUES ('CUS77',0);
INSERT INTO CUSTOMER_MANAGER VALUES ('CUS78',0);
INSERT INTO CUSTOMER_MANAGER VALUES ('CUS79',0);
INSERT INTO CUSTOMER_MANAGER VALUES ('CUS80',0);
INSERT INTO CUSTOMER_MANAGER VALUES ('CUS81',0);
INSERT INTO CUSTOMER_MANAGER VALUES ('CUS82',0);
INSERT INTO CUSTOMER_MANAGER VALUES ('CUS83',0);
INSERT INTO CUSTOMER_MANAGER VALUES ('CUS84',0);
INSERT INTO CUSTOMER_MANAGER VALUES ('CUS85',0);
INSERT INTO CUSTOMER_MANAGER VALUES ('CUS86',0);
INSERT INTO CUSTOMER_MANAGER VALUES ('CUS87',0);
INSERT INTO CUSTOMER_MANAGER VALUES ('CUS88',0);
INSERT INTO CUSTOMER_MANAGER VALUES ('CUS89',0);
INSERT INTO CUSTOMER_MANAGER VALUES ('CUS90',0);
INSERT INTO CUSTOMER_MANAGER VALUES ('CUS91',0);
INSERT INTO CUSTOMER_MANAGER VALUES ('CUS92',0);
INSERT INTO CUSTOMER_MANAGER VALUES ('CUS93',0);
INSERT INTO CUSTOMER_MANAGER VALUES ('CUS94',0);
INSERT INTO CUSTOMER_MANAGER VALUES ('CUS95',0);
INSERT INTO CUSTOMER_MANAGER VALUES ('CUS96',0);
INSERT INTO CUSTOMER_MANAGER VALUES ('CUS97',0);
INSERT INTO CUSTOMER_MANAGER VALUES ('CUS98',0);
INSERT INTO CUSTOMER_MANAGER VALUES ('CUS99',0);
INSERT INTO CUSTOMER_MANAGER VALUES ('C100',0);

-- Insert into CN02.MANAGEMENU_MANAGER
INSERT INTO CN02.MANAGEMENU_MANAGER VALUES ('BR02','ME01',1,to_date('05/12/2021','dd/mm/yyyy'));
INSERT INTO CN02.MANAGEMENU_MANAGER VALUES ('BR02','ME02',1,to_date('05/12/2021','dd/mm/yyyy'));
INSERT INTO CN02.MANAGEMENU_MANAGER VALUES ('BR02','ME03',1,to_date('05/12/2021','dd/mm/yyyy'));
INSERT INTO CN02.MANAGEMENU_MANAGER VALUES ('BR02','ME04',1,to_date('05/12/2021','dd/mm/yyyy'));
INSERT INTO CN02.MANAGEMENU_MANAGER VALUES ('BR02','ME05',1,to_date('05/12/2021','dd/mm/yyyy'));
INSERT INTO CN02.MANAGEMENU_MANAGER VALUES ('BR02','ME06',1,to_date('05/12/2021','dd/mm/yyyy'));
INSERT INTO CN02.MANAGEMENU_MANAGER VALUES ('BR02','ME07',1,to_date('05/12/2021','dd/mm/yyyy'));
INSERT INTO CN02.MANAGEMENU_MANAGER VALUES ('BR02','ME08',1,to_date('05/12/2021','dd/mm/yyyy'));
INSERT INTO CN02.MANAGEMENU_MANAGER VALUES ('BR02','ME09',1,to_date('05/12/2021','dd/mm/yyyy'));
INSERT INTO CN02.MANAGEMENU_MANAGER VALUES ('BR02','ME10',1,to_date('05/12/2021','dd/mm/yyyy'));
INSERT INTO CN02.MANAGEMENU_MANAGER VALUES ('BR02','ME11',1,to_date('05/12/2021','dd/mm/yyyy'));
INSERT INTO CN02.MANAGEMENU_MANAGER VALUES ('BR02','ME12',1,to_date('05/12/2021','dd/mm/yyyy'));
INSERT INTO CN02.MANAGEMENU_MANAGER VALUES ('BR02','ME13',1,to_date('05/12/2021','dd/mm/yyyy'));
INSERT INTO CN02.MANAGEMENU_MANAGER VALUES ('BR02','ME14',1,to_date('05/12/2021','dd/mm/yyyy'));
INSERT INTO CN02.MANAGEMENU_MANAGER VALUES ('BR02','ME15',1,to_date('05/12/2021','dd/mm/yyyy'));
INSERT INTO CN02.MANAGEMENU_MANAGER VALUES ('BR02','ME16',1,to_date('05/12/2021','dd/mm/yyyy'));
INSERT INTO CN02.MANAGEMENU_MANAGER VALUES ('BR02','ME17',1,to_date('05/12/2021','dd/mm/yyyy'));
INSERT INTO CN02.MANAGEMENU_MANAGER VALUES ('BR02','ME18',1,to_date('05/12/2021','dd/mm/yyyy'));
INSERT INTO CN02.MANAGEMENU_MANAGER VALUES ('BR02','ME19',1,to_date('05/12/2021','dd/mm/yyyy'));
INSERT INTO CN02.MANAGEMENU_MANAGER VALUES ('BR02','ME20',1,to_date('05/12/2021','dd/mm/yyyy'));
INSERT INTO CN02.MANAGEMENU_MANAGER VALUES ('BR02','ME21',1,to_date('05/12/2021','dd/mm/yyyy'));
INSERT INTO CN02.MANAGEMENU_MANAGER VALUES ('BR02','ME22',1,to_date('05/12/2021','dd/mm/yyyy'));
INSERT INTO CN02.MANAGEMENU_MANAGER VALUES ('BR02','ME23',1,to_date('05/12/2021','dd/mm/yyyy'));
INSERT INTO CN02.MANAGEMENU_MANAGER VALUES ('BR02','ME24',1,to_date('05/12/2021','dd/mm/yyyy'));
INSERT INTO CN02.MANAGEMENU_MANAGER VALUES ('BR02','ME25',1,to_date('05/12/2021','dd/mm/yyyy'));
INSERT INTO CN02.MANAGEMENU_MANAGER VALUES ('BR02','ME26',1,to_date('05/12/2021','dd/mm/yyyy'));
INSERT INTO CN02.MANAGEMENU_MANAGER VALUES ('BR02','ME27',1,to_date('05/12/2021','dd/mm/yyyy'));
INSERT INTO CN02.MANAGEMENU_MANAGER VALUES ('BR02','ME28',1,to_date('05/12/2021','dd/mm/yyyy'));
INSERT INTO CN02.MANAGEMENU_MANAGER VALUES ('BR02','ME29',1,to_date('05/12/2021','dd/mm/yyyy'));
INSERT INTO CN02.MANAGEMENU_MANAGER VALUES ('BR02','ME30',1,to_date('05/12/2021','dd/mm/yyyy'));
INSERT INTO CN02.MANAGEMENU_MANAGER VALUES ('BR02','ME31',1,to_date('05/12/2021','dd/mm/yyyy'));
INSERT INTO CN02.MANAGEMENU_MANAGER VALUES ('BR02','ME32',1,to_date('05/12/2021','dd/mm/yyyy'));
INSERT INTO CN02.MANAGEMENU_MANAGER VALUES ('BR02','ME33',1,to_date('05/12/2021','dd/mm/yyyy'));
INSERT INTO CN02.MANAGEMENU_MANAGER VALUES ('BR02','ME34',1,to_date('05/12/2021','dd/mm/yyyy'));
INSERT INTO CN02.MANAGEMENU_MANAGER VALUES ('BR02','ME35',1,to_date('05/12/2021','dd/mm/yyyy'));
INSERT INTO CN02.MANAGEMENU_MANAGER VALUES ('BR02','ME36',1,to_date('05/12/2021','dd/mm/yyyy'));
INSERT INTO CN02.MANAGEMENU_MANAGER VALUES ('BR02','ME37',1,to_date('05/12/2021','dd/mm/yyyy'));
INSERT INTO CN02.MANAGEMENU_MANAGER VALUES ('BR02','ME38',1,to_date('05/12/2021','dd/mm/yyyy'));
INSERT INTO CN02.MANAGEMENU_MANAGER VALUES ('BR02','ME39',1,to_date('05/12/2021','dd/mm/yyyy'));
INSERT INTO CN02.MANAGEMENU_MANAGER VALUES ('BR02','ME40',1,to_date('05/12/2021','dd/mm/yyyy'));
INSERT INTO CN02.MANAGEMENU_MANAGER VALUES ('BR02','ME41',1,to_date('05/12/2021','dd/mm/yyyy'));
INSERT INTO CN02.MANAGEMENU_MANAGER VALUES ('BR02','ME42',1,to_date('05/12/2021','dd/mm/yyyy'));
INSERT INTO CN02.MANAGEMENU_MANAGER VALUES ('BR02','ME43',1,to_date('05/12/2021','dd/mm/yyyy'));
INSERT INTO CN02.MANAGEMENU_MANAGER VALUES ('BR02','ME44',1,to_date('05/12/2021','dd/mm/yyyy'));
INSERT INTO CN02.MANAGEMENU_MANAGER VALUES ('BR02','ME45',1,to_date('05/12/2021','dd/mm/yyyy'));
INSERT INTO CN02.MANAGEMENU_MANAGER VALUES ('BR02','ME46',1,to_date('05/12/2021','dd/mm/yyyy'));
INSERT INTO CN02.MANAGEMENU_MANAGER VALUES ('BR02','ME47',1,to_date('05/12/2021','dd/mm/yyyy'));
INSERT INTO CN02.MANAGEMENU_MANAGER VALUES ('BR02','ME48',1,to_date('05/12/2021','dd/mm/yyyy'));
INSERT INTO CN02.MANAGEMENU_MANAGER VALUES ('BR02','ME49',1,to_date('05/12/2021','dd/mm/yyyy'));
INSERT INTO CN02.MANAGEMENU_MANAGER VALUES ('BR02','ME50',1,to_date('05/12/2021','dd/mm/yyyy'));

-- Insert into CN02.MANAGEMENU_STAFF
INSERT INTO CN02.MANAGEMENU_STAFF VALUES ('BR02','ME01','Duoc Phep Ban',29);
INSERT INTO CN02.MANAGEMENU_STAFF VALUES ('BR02','ME02','Duoc Phep Ban',7);
INSERT INTO CN02.MANAGEMENU_STAFF VALUES ('BR02','ME03','Duoc Phep Ban',39);
INSERT INTO CN02.MANAGEMENU_STAFF VALUES ('BR02','ME04','Duoc Phep Ban',39);
INSERT INTO CN02.MANAGEMENU_STAFF VALUES ('BR02','ME05','Duoc Phep Ban',24);
INSERT INTO CN02.MANAGEMENU_STAFF VALUES ('BR02','ME06','Duoc Phep Ban',37);
INSERT INTO CN02.MANAGEMENU_STAFF VALUES ('BR02','ME07','Duoc Phep Ban',14);
INSERT INTO CN02.MANAGEMENU_STAFF VALUES ('BR02','ME08','Duoc Phep Ban',29);
INSERT INTO CN02.MANAGEMENU_STAFF VALUES ('BR02','ME09','Duoc Phep Ban',46);
INSERT INTO CN02.MANAGEMENU_STAFF VALUES ('BR02','ME10','Duoc Phep Ban',3);
INSERT INTO CN02.MANAGEMENU_STAFF VALUES ('BR02','ME11','Duoc Phep Ban',10);
INSERT INTO CN02.MANAGEMENU_STAFF VALUES ('BR02','ME12','Duoc Phep Ban',33);
INSERT INTO CN02.MANAGEMENU_STAFF VALUES ('BR02','ME13','Duoc Phep Ban',36);
INSERT INTO CN02.MANAGEMENU_STAFF VALUES ('BR02','ME14','Duoc Phep Ban',8);
INSERT INTO CN02.MANAGEMENU_STAFF VALUES ('BR02','ME15','Duoc Phep Ban',37);
INSERT INTO CN02.MANAGEMENU_STAFF VALUES ('BR02','ME16','Duoc Phep Ban',4);
INSERT INTO CN02.MANAGEMENU_STAFF VALUES ('BR02','ME17','Duoc Phep Ban',49);
INSERT INTO CN02.MANAGEMENU_STAFF VALUES ('BR02','ME18','Duoc Phep Ban',3);
INSERT INTO CN02.MANAGEMENU_STAFF VALUES ('BR02','ME19','Duoc Phep Ban',39);
INSERT INTO CN02.MANAGEMENU_STAFF VALUES ('BR02','ME20','Duoc Phep Ban',19);
INSERT INTO CN02.MANAGEMENU_STAFF VALUES ('BR02','ME21','Duoc Phep Ban',10);
INSERT INTO CN02.MANAGEMENU_STAFF VALUES ('BR02','ME22','Duoc Phep Ban',18);
INSERT INTO CN02.MANAGEMENU_STAFF VALUES ('BR02','ME23','Duoc Phep Ban',24);
INSERT INTO CN02.MANAGEMENU_STAFF VALUES ('BR02','ME24','Duoc Phep Ban',31);
INSERT INTO CN02.MANAGEMENU_STAFF VALUES ('BR02','ME25','Duoc Phep Ban',2);
INSERT INTO CN02.MANAGEMENU_STAFF VALUES ('BR02','ME26','Duoc Phep Ban',5);
INSERT INTO CN02.MANAGEMENU_STAFF VALUES ('BR02','ME27','Duoc Phep Ban',2);
INSERT INTO CN02.MANAGEMENU_STAFF VALUES ('BR02','ME28','Duoc Phep Ban',14);
INSERT INTO CN02.MANAGEMENU_STAFF VALUES ('BR02','ME29','Duoc Phep Ban',23);
INSERT INTO CN02.MANAGEMENU_STAFF VALUES ('BR02','ME30','Duoc Phep Ban',17);
INSERT INTO CN02.MANAGEMENU_STAFF VALUES ('BR02','ME31','Duoc Phep Ban',28);
INSERT INTO CN02.MANAGEMENU_STAFF VALUES ('BR02','ME32','Duoc Phep Ban',9);
INSERT INTO CN02.MANAGEMENU_STAFF VALUES ('BR02','ME33','Duoc Phep Ban',30);
INSERT INTO CN02.MANAGEMENU_STAFF VALUES ('BR02','ME34','Duoc Phep Ban',43);
INSERT INTO CN02.MANAGEMENU_STAFF VALUES ('BR02','ME35','Duoc Phep Ban',44);
INSERT INTO CN02.MANAGEMENU_STAFF VALUES ('BR02','ME36','Duoc Phep Ban',31);
INSERT INTO CN02.MANAGEMENU_STAFF VALUES ('BR02','ME37','Duoc Phep Ban',24);
INSERT INTO CN02.MANAGEMENU_STAFF VALUES ('BR02','ME38','Duoc Phep Ban',19);
INSERT INTO CN02.MANAGEMENU_STAFF VALUES ('BR02','ME39','Duoc Phep Ban',35);
INSERT INTO CN02.MANAGEMENU_STAFF VALUES ('BR02','ME40','Duoc Phep Ban',42);
INSERT INTO CN02.MANAGEMENU_STAFF VALUES ('BR02','ME41','Duoc Phep Ban',2);
INSERT INTO CN02.MANAGEMENU_STAFF VALUES ('BR02','ME42','Duoc Phep Ban',22);
INSERT INTO CN02.MANAGEMENU_STAFF VALUES ('BR02','ME43','Duoc Phep Ban',43);
INSERT INTO CN02.MANAGEMENU_STAFF VALUES ('BR02','ME44','Duoc Phep Ban',0);
INSERT INTO CN02.MANAGEMENU_STAFF VALUES ('BR02','ME45','Duoc Phep Ban',24);
INSERT INTO CN02.MANAGEMENU_STAFF VALUES ('BR02','ME46','Duoc Phep Ban',16);
INSERT INTO CN02.MANAGEMENU_STAFF VALUES ('BR02','ME47','Duoc Phep Ban',9);
INSERT INTO CN02.MANAGEMENU_STAFF VALUES ('BR02','ME48','Duoc Phep Ban',42);
INSERT INTO CN02.MANAGEMENU_STAFF VALUES ('BR02','ME49','Duoc Phep Ban',8);
INSERT INTO CN02.MANAGEMENU_STAFF VALUES ('BR02','ME50','Duoc Phep Ban',21);


-- Insert into CN02.INVOICE
INSERT INTO CN02.INVOICE VALUES ('INV01',to_date('01/11/2021','dd/mm/yyyy'),'CUS05','EMP01',725000,'BR02');
INSERT INTO CN02.INVOICE VALUES ('INV02',to_date('01/11/2021','dd/mm/yyyy'),'CUS06','EMP01',720000,'BR02');
INSERT INTO CN02.INVOICE VALUES ('INV03',to_date('01/11/2021','dd/mm/yyyy'),'CUS07','EMP01',735000,'BR02');
INSERT INTO CN02.INVOICE VALUES ('INV04',to_date('01/11/2021','dd/mm/yyyy'),'CUS08','EMP01',908000,'BR02');
INSERT INTO CN02.INVOICE VALUES ('INV05',to_date('01/11/2021','dd/mm/yyyy'),'CUS09','EMP01',660000,'BR02');
INSERT INTO CN02.INVOICE VALUES ('INV06',to_date('01/11/2021','dd/mm/yyyy'),'CUS10','EMP01',763000,'BR02');
INSERT INTO CN02.INVOICE VALUES ('INV07',to_date('01/11/2021','dd/mm/yyyy'),'CUS11','EMP02',1225000,'BR02');
INSERT INTO CN02.INVOICE VALUES ('INV08',to_date('05/11/2021','dd/mm/yyyy'),'CUS12','EMP02',623000,'BR02');
INSERT INTO CN02.INVOICE VALUES ('INV09',to_date('05/11/2021','dd/mm/yyyy'),'CUS13','EMP02',469000,'BR02');
INSERT INTO CN02.INVOICE VALUES ('INV10',to_date('05/11/2021','dd/mm/yyyy'),'CUS14','EMP02',3441000,'BR02');
INSERT INTO CN02.INVOICE VALUES ('INV11',to_date('05/11/2021','dd/mm/yyyy'),'CUS15','EMP02',1565000,'BR02');
INSERT INTO CN02.INVOICE VALUES ('INV12',to_date('05/11/2021','dd/mm/yyyy'),'CUS05','EMP02',400000,'BR02');
INSERT INTO CN02.INVOICE VALUES ('INV21',to_date('13/11/2021','dd/mm/yyyy'),'CUS23','EMP02',225000,'BR02');
INSERT INTO CN02.INVOICE VALUES ('INV22',to_date('13/11/2021','dd/mm/yyyy'),'CUS45','EMP02',220000,'BR02');
INSERT INTO CN02.INVOICE VALUES ('INV23',to_date('13/11/2021','dd/mm/yyyy'),'CUS50','EMP02',340000,'BR02');
INSERT INTO CN02.INVOICE VALUES ('INV24',to_date('13/11/2021','dd/mm/yyyy'),'CUS21','EMP02',120000,'BR02');
INSERT INTO CN02.INVOICE VALUES ('INV25',to_date('14/11/2021','dd/mm/yyyy'),'CUS31','EMP02',48000,'BR02');
INSERT INTO CN02.INVOICE VALUES ('INV26',to_date('14/11/2021','dd/mm/yyyy'),'CUS22','EMP02',196000,'BR02');
INSERT INTO CN02.INVOICE VALUES ('INV27',to_date('14/11/2021','dd/mm/yyyy'),'CUS29','EMP02',90000,'BR02');
INSERT INTO CN02.INVOICE VALUES ('INV28',to_date('14/11/2021','dd/mm/yyyy'),'CUS09','EMP02',240000,'BR02');
INSERT INTO CN02.INVOICE VALUES ('INV29',to_date('14/11/2021','dd/mm/yyyy'),'CUS12','EMP02',360000,'BR02');
INSERT INTO CN02.INVOICE VALUES ('INV30',to_date('15/11/2021','dd/mm/yyyy'),'CUS34','EMP02',390000,'BR02');
INSERT INTO CN02.INVOICE VALUES ('INV31',to_date('15/11/2021','dd/mm/yyyy'),'CUS35','EMP02',168000,'BR02');
INSERT INTO CN02.INVOICE VALUES ('INV32',to_date('15/11/2021','dd/mm/yyyy'),'CUS48','EMP02',180000,'BR02');
INSERT INTO CN02.INVOICE VALUES ('INV41',to_date('17/11/2021','dd/mm/yyyy'),'CUS40','EMP02',400000,'BR02');
INSERT INTO CN02.INVOICE VALUES ('INV42',to_date('17/11/2021','dd/mm/yyyy'),'CUS39','EMP02',120000,'BR02');
INSERT INTO CN02.INVOICE VALUES ('INV43',to_date('17/11/2021','dd/mm/yyyy'),'CUS29','EMP03',390000,'BR02');
INSERT INTO CN02.INVOICE VALUES ('INV44',to_date('17/11/2021','dd/mm/yyyy'),'CUS19','EMP03',45000,'BR02');
INSERT INTO CN02.INVOICE VALUES ('INV45',to_date('17/11/2021','dd/mm/yyyy'),'CUS17','EMP04',675000,'BR02');
INSERT INTO CN02.INVOICE VALUES ('INV46',to_date('18/11/2021','dd/mm/yyyy'),'CUS27','EMP04',312000,'BR02');
INSERT INTO CN02.INVOICE VALUES ('INV47',to_date('18/11/2021','dd/mm/yyyy'),'CUS42','EMP04',114000,'BR02');
INSERT INTO CN02.INVOICE VALUES ('INV48',to_date('18/11/2021','dd/mm/yyyy'),'CUS43','EMP04',1580000,'BR02');
INSERT INTO CN02.INVOICE VALUES ('INV49',to_date('18/11/2021','dd/mm/yyyy'),'CUS10','EMP04',1315000,'BR02');
INSERT INTO CN02.INVOICE VALUES ('INV50',to_date('18/11/2021','dd/mm/yyyy'),'CUS14','EMP04',2588000,'BR02');
INSERT INTO INVOICE VALUES ('INV51',to_date('19/11/2021','dd/mm/yyyy'),'CUS01','EMP01',725000,'BR02');
INSERT INTO INVOICE VALUES ('INV52',to_date('19/11/2021','dd/mm/yyyy'),'CUS06','EMP01',720000,'BR02');
INSERT INTO INVOICE VALUES ('INV53',to_date('19/11/2021','dd/mm/yyyy'),'CUS07','EMP01',735000,'BR02');
INSERT INTO INVOICE VALUES ('INV54',to_date('19/11/2021','dd/mm/yyyy'),'CUS08','EMP01',908000,'BR02');
INSERT INTO INVOICE VALUES ('INV55',to_date('19/11/2021','dd/mm/yyyy'),'CUS09','EMP01',660000,'BR02');
INSERT INTO INVOICE VALUES ('INV56',to_date('19/11/2021','dd/mm/yyyy'),'CUS10','EMP01',763000,'BR02');
INSERT INTO INVOICE VALUES ('INV57',to_date('19/11/2021','dd/mm/yyyy'),'CUS11','EMP02',1225000,'BR02');
INSERT INTO INVOICE VALUES ('INV58',to_date('19/11/2021','dd/mm/yyyy'),'CUS12','EMP02',623000,'BR02');
INSERT INTO INVOICE VALUES ('INV59',to_date('19/11/2021','dd/mm/yyyy'),'CUS13','EMP02',469000,'BR02');
INSERT INTO INVOICE VALUES ('INV60',to_date('19/11/2021','dd/mm/yyyy'),'CUS14','EMP02',3441000,'BR02');
INSERT INTO INVOICE VALUES ('INV61',to_date('19/11/2021','dd/mm/yyyy'),'CUS15','EMP02',1565000,'BR02');
INSERT INTO INVOICE VALUES ('INV62',to_date('19/11/2021','dd/mm/yyyy'),'CUS05','EMP02',400000,'BR02');
INSERT INTO INVOICE VALUES ('INV63',to_date('19/11/2021','dd/mm/yyyy'),'CUS06','EMP01',144000,'BR02');
INSERT INTO INVOICE VALUES ('INV64',to_date('19/11/2021','dd/mm/yyyy'),'CUS07','EMP01',114000,'BR02');
INSERT INTO INVOICE VALUES ('INV65',to_date('19/11/2021','dd/mm/yyyy'),'CUS08','EMP01',150000,'BR02');
INSERT INTO INVOICE VALUES ('INV66',to_date('20/11/2021','dd/mm/yyyy'),'CUS09','EMP01',384000,'BR02');
INSERT INTO INVOICE VALUES ('INV67',to_date('20/11/2021','dd/mm/yyyy'),'CUS10','EMP01',90000,'BR02');
INSERT INTO INVOICE VALUES ('INV68',to_date('20/11/2021','dd/mm/yyyy'),'CUS11','EMP01',30000,'BR02');
INSERT INTO INVOICE VALUES ('INV69',to_date('20/11/2021','dd/mm/yyyy'),'CUS12','EMP02',330000,'BR02');
INSERT INTO INVOICE VALUES ('INV70',to_date('20/11/2021','dd/mm/yyyy'),'CUS13','EMP02',192000,'BR02');
INSERT INTO INVOICE VALUES ('INV71',to_date('20/11/2021','dd/mm/yyyy'),'CUS23','EMP02',225000,'BR02');
INSERT INTO INVOICE VALUES ('INV72',to_date('20/11/2021','dd/mm/yyyy'),'CUS45','EMP02',220000,'BR02');
INSERT INTO INVOICE VALUES ('INV73',to_date('20/11/2021','dd/mm/yyyy'),'CUS50','EMP02',340000,'BR02');
INSERT INTO INVOICE VALUES ('INV74',to_date('20/11/2021','dd/mm/yyyy'),'CUS21','EMP02',120000,'BR02');
INSERT INTO INVOICE VALUES ('INV75',to_date('20/11/2021','dd/mm/yyyy'),'CUS31','EMP01',48000,'BR02');
INSERT INTO INVOICE VALUES ('INV76',to_date('20/11/2021','dd/mm/yyyy'),'CUS22','EMP01',196000,'BR02');
INSERT INTO INVOICE VALUES ('INV77',to_date('20/11/2021','dd/mm/yyyy'),'CUS29','EMP01',90000,'BR02');
INSERT INTO INVOICE VALUES ('INV78',to_date('20/11/2021','dd/mm/yyyy'),'CUS09','EMP01',240000,'BR02');
INSERT INTO INVOICE VALUES ('INV79',to_date('20/11/2021','dd/mm/yyyy'),'CUS12','EMP01',360000,'BR02');
INSERT INTO INVOICE VALUES ('INV80',to_date('20/11/2021','dd/mm/yyyy'),'CUS34','EMP01',390000,'BR02');
INSERT INTO INVOICE VALUES ('INV81',to_date('20/11/2021','dd/mm/yyyy'),'CUS35','EMP02',168000,'BR02');
INSERT INTO INVOICE VALUES ('INV82',to_date('20/11/2021','dd/mm/yyyy'),'CUS48','EMP02',180000,'BR02');
INSERT INTO INVOICE VALUES ('INV83',to_date('20/11/2021','dd/mm/yyyy'),'CUS32','EMP02',264000,'BR02');
INSERT INTO INVOICE VALUES ('INV84',to_date('20/11/2021','dd/mm/yyyy'),'CUS20','EMP02',300000,'BR02');
INSERT INTO INVOICE VALUES ('INV85',to_date('20/11/2021','dd/mm/yyyy'),'CUS11','EMP02',280000,'BR02');
INSERT INTO INVOICE VALUES ('INV86',to_date('21/11/2021','dd/mm/yyyy'),'CUS17','EMP02',240000,'BR02');
INSERT INTO INVOICE VALUES ('INV87',to_date('21/11/2021','dd/mm/yyyy'),'CUS05','EMP01',312000,'BR02');
INSERT INTO INVOICE VALUES ('INV88',to_date('21/11/2021','dd/mm/yyyy'),'CUS30','EMP01',456000,'BR02');
INSERT INTO INVOICE VALUES ('INV89',to_date('21/11/2021','dd/mm/yyyy'),'CUS10','EMP01',675000,'BR02');
INSERT INTO INVOICE VALUES ('INV90',to_date('21/11/2021','dd/mm/yyyy'),'CUS20','EMP01',288000,'BR02');
INSERT INTO INVOICE VALUES ('INV91',to_date('21/11/2021','dd/mm/yyyy'),'CUS40','EMP01',400000,'BR02');
INSERT INTO INVOICE VALUES ('INV92',to_date('21/11/2021','dd/mm/yyyy'),'CUS39','EMP01',120000,'BR02');
INSERT INTO INVOICE VALUES ('INV93',to_date('21/11/2021','dd/mm/yyyy'),'CUS29','EMP02',390000,'BR02');
INSERT INTO INVOICE VALUES ('INV94',to_date('21/11/2021','dd/mm/yyyy'),'CUS19','EMP02',45000,'BR02');
INSERT INTO INVOICE VALUES ('INV95',to_date('21/11/2021','dd/mm/yyyy'),'CUS17','EMP02',675000,'BR02');
INSERT INTO INVOICE VALUES ('INV96',to_date('21/11/2021','dd/mm/yyyy'),'CUS27','EMP02',312000,'BR02');
INSERT INTO INVOICE VALUES ('INV97',to_date('21/11/2021','dd/mm/yyyy'),'CUS42','EMP02',114000,'BR02');
INSERT INTO INVOICE VALUES ('INV98',to_date('21/11/2021','dd/mm/yyyy'),'CUS43','EMP02',1580000,'BR02');
INSERT INTO INVOICE VALUES ('INV99',to_date('21/11/2021','dd/mm/yyyy'),'CUS10','EMP01',1315000,'BR02');
INSERT INTO INVOICE VALUES ('IN200',to_date('05/12/2021','dd/mm/yyyy'),'CUS07','EMP04',725000,'BR02');
INSERT INTO INVOICE VALUES ('IN201',to_date('05/12/2021','dd/mm/yyyy'),'CUS08','EMP05',720000,'BR02');
INSERT INTO INVOICE VALUES ('IN202',to_date('05/12/2021','dd/mm/yyyy'),'CUS09','EMP06',735000,'BR02');
INSERT INTO INVOICE VALUES ('IN203',to_date('05/12/2021','dd/mm/yyyy'),'CUS10','EMP07',908000,'BR02');
INSERT INTO INVOICE VALUES ('IN204',to_date('05/12/2021','dd/mm/yyyy'),'CUS11','EMP08',660000,'BR02');
INSERT INTO INVOICE VALUES ('IN205',to_date('05/12/2021','dd/mm/yyyy'),'CUS12','EMP09',763000,'BR02');
INSERT INTO INVOICE VALUES ('IN206',to_date('05/12/2021','dd/mm/yyyy'),'CUS13','EMP04',1225000,'BR02');
INSERT INTO INVOICE VALUES ('IN207',to_date('05/12/2021','dd/mm/yyyy'),'CUS22','EMP05',623000,'BR02');
INSERT INTO INVOICE VALUES ('IN208',to_date('05/12/2021','dd/mm/yyyy'),'CUS23','EMP06',469000,'BR02');
INSERT INTO INVOICE VALUES ('IN209',to_date('05/12/2021','dd/mm/yyyy'),'CUS24','EMP07',3441000,'BR02');
INSERT INTO INVOICE VALUES ('IN210',to_date('05/12/2021','dd/mm/yyyy'),'CUS25','EMP08',1565000,'BR02');
INSERT INTO INVOICE VALUES ('IN211',to_date('06/12/2021','dd/mm/yyyy'),'CUS26','EMP09',400000,'BR02');
INSERT INTO INVOICE VALUES ('IN212',to_date('06/12/2021','dd/mm/yyyy'),'CUS27','EMP04',144000,'BR02');
INSERT INTO INVOICE VALUES ('IN213',to_date('06/12/2021','dd/mm/yyyy'),'CUS28','EMP05',114000,'BR02');
INSERT INTO INVOICE VALUES ('IN214',to_date('06/12/2021','dd/mm/yyyy'),'CUS29','EMP06',150000,'BR02');
INSERT INTO INVOICE VALUES ('IN215',to_date('06/12/2021','dd/mm/yyyy'),'CUS30','EMP07',384000,'BR02');
INSERT INTO INVOICE VALUES ('IN216',to_date('06/12/2021','dd/mm/yyyy'),'CUS31','EMP08',90000,'BR02');
INSERT INTO INVOICE VALUES ('IN217',to_date('05/12/2021','dd/mm/yyyy'),'CUS40','EMP09',30000,'BR02');
INSERT INTO INVOICE VALUES ('IN218',to_date('05/12/2021','dd/mm/yyyy'),'CUS39','EMP04',330000,'BR02');
INSERT INTO INVOICE VALUES ('IN219',to_date('05/12/2021','dd/mm/yyyy'),'CUS29','EMP05',192000,'BR02');
INSERT INTO INVOICE VALUES ('IN220',to_date('05/12/2021','dd/mm/yyyy'),'CUS19','EMP06',225000,'BR02');
INSERT INTO INVOICE VALUES ('IN221',to_date('05/12/2021','dd/mm/yyyy'),'CUS17','EMP07',220000,'BR02');
INSERT INTO INVOICE VALUES ('IN222',to_date('05/12/2021','dd/mm/yyyy'),'CUS27','EMP08',340000,'BR02');
INSERT INTO INVOICE VALUES ('IN223',to_date('05/12/2021','dd/mm/yyyy'),'CUS42','EMP09',120000,'BR02');
INSERT INTO INVOICE VALUES ('IN224',to_date('05/12/2021','dd/mm/yyyy'),'CUS43','EMP04',48000,'BR02');
INSERT INTO INVOICE VALUES ('IN225',to_date('05/12/2021','dd/mm/yyyy'),'CUS10','EMP05',196000,'BR02');
INSERT INTO INVOICE VALUES ('IN226',to_date('06/12/2021','dd/mm/yyyy'),'CUS01','EMP06',90000,'BR02');
INSERT INTO INVOICE VALUES ('IN227',to_date('06/12/2021','dd/mm/yyyy'),'CUS09','EMP07',240000,'BR02');
INSERT INTO INVOICE VALUES ('IN228',to_date('06/12/2021','dd/mm/yyyy'),'CUS12','EMP08',360000,'BR02');
INSERT INTO INVOICE VALUES ('IN229',to_date('06/12/2021','dd/mm/yyyy'),'CUS34','EMP09',390000,'BR02');
INSERT INTO INVOICE VALUES ('IN230',to_date('06/12/2021','dd/mm/yyyy'),'CUS35','EMP04',168000,'BR02');
INSERT INTO INVOICE VALUES ('IN231',to_date('06/12/2021','dd/mm/yyyy'),'CUS48','EMP05',180000,'BR02');
INSERT INTO INVOICE VALUES ('IN232',to_date('06/12/2021','dd/mm/yyyy'),'CUS10','EMP06',264000,'BR02');
INSERT INTO INVOICE VALUES ('IN233',to_date('07/12/2021','dd/mm/yyyy'),'CUS11','EMP07',300000,'BR02');
INSERT INTO INVOICE VALUES ('IN234',to_date('07/12/2021','dd/mm/yyyy'),'CUS12','EMP08',280000,'BR02');
INSERT INTO INVOICE VALUES ('IN235',to_date('07/12/2021','dd/mm/yyyy'),'CUS13','EMP09',240000,'BR02');
INSERT INTO INVOICE VALUES ('IN236',to_date('07/12/2021','dd/mm/yyyy'),'CUS22','EMP04',312000,'BR02');
INSERT INTO INVOICE VALUES ('IN237',to_date('07/12/2021','dd/mm/yyyy'),'CUS42','EMP05',456000,'BR02');
INSERT INTO INVOICE VALUES ('IN238',to_date('07/12/2021','dd/mm/yyyy'),'CUS43','EMP06',675000,'BR02');
INSERT INTO INVOICE VALUES ('IN239',to_date('07/12/2021','dd/mm/yyyy'),'CUS10','EMP07',288000,'BR02');
INSERT INTO INVOICE VALUES ('IN240',to_date('07/12/2021','dd/mm/yyyy'),'CUS01','EMP08',400000,'BR02');
INSERT INTO INVOICE VALUES ('IN241',to_date('07/12/2021','dd/mm/yyyy'),'CUS09','EMP09',120000,'BR02');
INSERT INTO INVOICE VALUES ('IN242',to_date('07/12/2021','dd/mm/yyyy'),'CUS29','EMP01',390000,'BR02');
INSERT INTO INVOICE VALUES ('IN243',to_date('07/12/2021','dd/mm/yyyy'),'CUS19','EMP01',45000,'BR02');
INSERT INTO INVOICE VALUES ('IN244',to_date('07/12/2021','dd/mm/yyyy'),'CUS17','EMP01',675000,'BR02');
INSERT INTO INVOICE VALUES ('IN245',to_date('07/12/2021','dd/mm/yyyy'),'CUS27','EMP01',312000,'BR02');
INSERT INTO INVOICE VALUES ('IN246',to_date('07/12/2021','dd/mm/yyyy'),'CUS42','EMP01',114000,'BR02');
INSERT INTO INVOICE VALUES ('IN247',to_date('07/12/2021','dd/mm/yyyy'),'CUS43','EMP01',1580000,'BR02');
INSERT INTO INVOICE VALUES ('IN248',to_date('07/12/2021','dd/mm/yyyy'),'CUS10','EMP01',1315000,'BR02');
INSERT INTO INVOICE VALUES ('IN249',to_date('07/12/2021','dd/mm/yyyy'),'CUS01','EMP01',2588000,'BR02');
INSERT INTO INVOICE VALUES ('IN250',to_date('08/12/2021','dd/mm/yyyy'),'CUS55','EMP04',725000,'BR02');
INSERT INTO INVOICE VALUES ('IN251',to_date('08/12/2021','dd/mm/yyyy'),'CUS63','EMP05',720000,'BR02');
INSERT INTO INVOICE VALUES ('IN252',to_date('08/12/2021','dd/mm/yyyy'),'CUS77','EMP06',735000,'BR02');
INSERT INTO INVOICE VALUES ('IN253',to_date('08/12/2021','dd/mm/yyyy'),'CUS82','EMP07',908000,'BR02');
INSERT INTO INVOICE VALUES ('IN254',to_date('08/12/2021','dd/mm/yyyy'),'CUS88','EMP08',660000,'BR02');
INSERT INTO INVOICE VALUES ('IN255',to_date('08/12/2021','dd/mm/yyyy'),'CUS12','EMP09',763000,'BR02');
INSERT INTO INVOICE VALUES ('IN256',to_date('08/12/2021','dd/mm/yyyy'),'CUS13','EMP04',1225000,'BR02');
INSERT INTO INVOICE VALUES ('IN257',to_date('08/12/2021','dd/mm/yyyy'),'CUS77','EMP05',623000,'BR02');
INSERT INTO INVOICE VALUES ('IN258',to_date('08/12/2021','dd/mm/yyyy'),'CUS78','EMP06',469000,'BR02');
INSERT INTO INVOICE VALUES ('IN259',to_date('08/12/2021','dd/mm/yyyy'),'CUS79','EMP07',3441000,'BR02');
INSERT INTO INVOICE VALUES ('IN260',to_date('08/12/2021','dd/mm/yyyy'),'CUS80','EMP08',1565000,'BR02');
INSERT INTO INVOICE VALUES ('IN261',to_date('08/12/2021','dd/mm/yyyy'),'CUS74','EMP09',400000,'BR02');
INSERT INTO INVOICE VALUES ('IN262',to_date('08/12/2021','dd/mm/yyyy'),'CUS75','EMP04',144000,'BR02');
INSERT INTO INVOICE VALUES ('IN263',to_date('08/12/2021','dd/mm/yyyy'),'CUS76','EMP05',114000,'BR02');
INSERT INTO INVOICE VALUES ('IN264',to_date('08/12/2021','dd/mm/yyyy'),'CUS84','EMP06',150000,'BR02');
INSERT INTO INVOICE VALUES ('IN265',to_date('08/12/2021','dd/mm/yyyy'),'CUS85','EMP07',384000,'BR02');
INSERT INTO INVOICE VALUES ('IN266',to_date('08/12/2021','dd/mm/yyyy'),'CUS86','EMP08',90000,'BR02');
INSERT INTO INVOICE VALUES ('IN267',to_date('08/12/2021','dd/mm/yyyy'),'CUS55','EMP09',30000,'BR02');
INSERT INTO INVOICE VALUES ('IN268',to_date('08/12/2021','dd/mm/yyyy'),'CUS56','EMP04',330000,'BR02');
INSERT INTO INVOICE VALUES ('IN269',to_date('08/12/2021','dd/mm/yyyy'),'CUS57','EMP05',192000,'BR02');
INSERT INTO INVOICE VALUES ('IN270',to_date('08/12/2021','dd/mm/yyyy'),'CUS58','EMP06',225000,'BR02');
INSERT INTO INVOICE VALUES ('IN271',to_date('08/12/2021','dd/mm/yyyy'),'CUS59','EMP07',220000,'BR02');
INSERT INTO INVOICE VALUES ('IN272',to_date('09/12/2021','dd/mm/yyyy'),'CUS60','EMP08',340000,'BR02');
INSERT INTO INVOICE VALUES ('IN273',to_date('09/12/2021','dd/mm/yyyy'),'CUS61','EMP09',120000,'BR02');
INSERT INTO INVOICE VALUES ('IN274',to_date('09/12/2021','dd/mm/yyyy'),'CUS55','EMP04',48000,'BR02');
INSERT INTO INVOICE VALUES ('IN275',to_date('09/12/2021','dd/mm/yyyy'),'CUS56','EMP05',196000,'BR02');
INSERT INTO INVOICE VALUES ('IN276',to_date('09/12/2021','dd/mm/yyyy'),'CUS57','EMP06',90000,'BR02');
INSERT INTO INVOICE VALUES ('IN277',to_date('09/12/2021','dd/mm/yyyy'),'CUS58','EMP07',240000,'BR02');
INSERT INTO INVOICE VALUES ('IN278',to_date('09/12/2021','dd/mm/yyyy'),'CUS59','EMP08',360000,'BR02');
INSERT INTO INVOICE VALUES ('IN279',to_date('09/12/2021','dd/mm/yyyy'),'CUS60','EMP09',390000,'BR02');
INSERT INTO INVOICE VALUES ('IN280',to_date('09/12/2021','dd/mm/yyyy'),'CUS61','EMP04',168000,'BR02');
INSERT INTO INVOICE VALUES ('IN281',to_date('09/12/2021','dd/mm/yyyy'),'CUS62','EMP05',180000,'BR02');
INSERT INTO INVOICE VALUES ('IN282',to_date('09/12/2021','dd/mm/yyyy'),'CUS63','EMP06',264000,'BR02');
INSERT INTO INVOICE VALUES ('IN283',to_date('09/12/2021','dd/mm/yyyy'),'CUS51','EMP07',300000,'BR02');
INSERT INTO INVOICE VALUES ('IN284',to_date('09/12/2021','dd/mm/yyyy'),'CUS52','EMP08',280000,'BR02');
INSERT INTO INVOICE VALUES ('IN285',to_date('09/12/2021','dd/mm/yyyy'),'CUS53','EMP09',240000,'BR02');
INSERT INTO INVOICE VALUES ('IN286',to_date('09/12/2021','dd/mm/yyyy'),'CUS54','EMP04',312000,'BR02');
INSERT INTO INVOICE VALUES ('IN287',to_date('09/12/2021','dd/mm/yyyy'),'CUS55','EMP05',456000,'BR02');
INSERT INTO INVOICE VALUES ('IN288',to_date('09/12/2021','dd/mm/yyyy'),'CUS56','EMP06',675000,'BR02');
INSERT INTO INVOICE VALUES ('IN289',to_date('09/12/2021','dd/mm/yyyy'),'CUS57','EMP07',288000,'BR02');
INSERT INTO INVOICE VALUES ('IN290',to_date('09/12/2021','dd/mm/yyyy'),'CUS58','EMP08',400000,'BR02');
INSERT INTO INVOICE VALUES ('IN291',to_date('09/12/2021','dd/mm/yyyy'),'CUS66','EMP09',120000,'BR02');
INSERT INTO INVOICE VALUES ('IN292',to_date('09/12/2021','dd/mm/yyyy'),'CUS67','EMP01',390000,'BR02');
INSERT INTO INVOICE VALUES ('IN293',to_date('09/12/2021','dd/mm/yyyy'),'CUS68','EMP01',45000,'BR02');
INSERT INTO INVOICE VALUES ('IN294',to_date('09/12/2021','dd/mm/yyyy'),'CUS69','EMP01',675000,'BR02');
INSERT INTO INVOICE VALUES ('IN295',to_date('09/12/2021','dd/mm/yyyy'),'CUS70','EMP01',312000,'BR02');
INSERT INTO INVOICE VALUES ('IN296',to_date('09/12/2021','dd/mm/yyyy'),'CUS71','EMP01',114000,'BR02');
INSERT INTO INVOICE VALUES ('IN297',to_date('09/12/2021','dd/mm/yyyy'),'CUS72','EMP01',1580000,'BR02');
INSERT INTO INVOICE VALUES ('IN298',to_date('09/12/2021','dd/mm/yyyy'),'CUS73','EMP01',1315000,'BR02');
INSERT INTO INVOICE VALUES ('IN299',to_date('09/12/2021','dd/mm/yyyy'),'CUS74','EMP01',2588000,'BR02');

-- Insert into CN02.INVOICELINE
INSERT INTO CN02.INVOICELINE VALUES ('INV01','ME01',13,260000);
INSERT INTO CN02.INVOICELINE VALUES ('INV01','ME02',1,15000);
INSERT INTO CN02.INVOICELINE VALUES ('INV01','ME10',10,450000);
INSERT INTO CN02.INVOICELINE VALUES ('INV02','ME11',14,630000);
INSERT INTO CN02.INVOICELINE VALUES ('INV02','ME12',2,90000);
INSERT INTO CN02.INVOICELINE VALUES ('INV03','ME29',11,330000);
INSERT INTO CN02.INVOICELINE VALUES ('INV03','ME30',6,270000);
INSERT INTO CN02.INVOICELINE VALUES ('INV03','ME31',3,135000);
INSERT INTO CN02.INVOICELINE VALUES ('INV04','ME34',6,228000);
INSERT INTO CN02.INVOICELINE VALUES ('INV04','ME35',8,320000);
INSERT INTO CN02.INVOICELINE VALUES ('INV04','ME36',9,360000);
INSERT INTO CN02.INVOICELINE VALUES ('INV05','ME20',13,390000);
INSERT INTO CN02.INVOICELINE VALUES ('INV05','ME21',1,36000);
INSERT INTO CN02.INVOICELINE VALUES ('INV05','ME22',6,234000);
INSERT INTO CN02.INVOICELINE VALUES ('INV06','ME28',14,448000);
INSERT INTO CN02.INVOICELINE VALUES ('INV06','ME29',6,180000);
INSERT INTO CN02.INVOICELINE VALUES ('INV06','ME30',3,135000);
INSERT INTO CN02.INVOICELINE VALUES ('INV07','ME37',7,280000);
INSERT INTO CN02.INVOICELINE VALUES ('INV07','ME38',6,240000);
INSERT INTO CN02.INVOICELINE VALUES ('INV07','ME39',7,280000);
INSERT INTO CN02.INVOICELINE VALUES ('INV07','ME40',6,180000);
INSERT INTO CN02.INVOICELINE VALUES ('INV07','ME41',7,245000);
INSERT INTO CN02.INVOICELINE VALUES ('INV08','ME47',6,144000);
INSERT INTO CN02.INVOICELINE VALUES ('INV08','ME48',5,175000);
INSERT INTO CN02.INVOICELINE VALUES ('INV08','ME49',11,264000);
INSERT INTO CN02.INVOICELINE VALUES ('INV08','ME50',2,40000);
INSERT INTO CN02.INVOICELINE VALUES ('INV09','ME50',6,120000);
INSERT INTO CN02.INVOICELINE VALUES ('INV09','ME01',5,100000);
INSERT INTO CN02.INVOICELINE VALUES ('INV09','ME02',3,45000);
INSERT INTO CN02.INVOICELINE VALUES ('INV09','ME03',2,36000);
INSERT INTO CN02.INVOICELINE VALUES ('INV09','ME04',8,120000);
INSERT INTO CN02.INVOICELINE VALUES ('INV09','ME05',2,48000);
INSERT INTO CN02.INVOICELINE VALUES ('INV10','ME19',7,210000);
INSERT INTO CN02.INVOICELINE VALUES ('INV10','ME20',1,30000);
INSERT INTO CN02.INVOICELINE VALUES ('INV10','ME21',2,72000);
INSERT INTO CN02.INVOICELINE VALUES ('INV10','ME22',4,156000);
INSERT INTO CN02.INVOICELINE VALUES ('INV10','ME23',62,2418000);
INSERT INTO CN02.INVOICELINE VALUES ('INV10','ME24',5,195000);
INSERT INTO CN02.INVOICELINE VALUES ('INV10','ME25',2,78000);
INSERT INTO CN02.INVOICELINE VALUES ('INV10','ME26',6,180000);
INSERT INTO CN02.INVOICELINE VALUES ('INV10','ME27',2,70000);
INSERT INTO CN02.INVOICELINE VALUES ('INV10','ME28',1,32000);
INSERT INTO CN02.INVOICELINE VALUES ('INV11','ME38',15,600000);
INSERT INTO CN02.INVOICELINE VALUES ('INV11','ME39',11,440000);
INSERT INTO CN02.INVOICELINE VALUES ('INV11','ME40',14,420000);
INSERT INTO CN02.INVOICELINE VALUES ('INV11','ME41',3,105000);
INSERT INTO CN02.INVOICELINE VALUES ('INV12','ME38',10,400000);
INSERT INTO CN02.INVOICELINE VALUES ('INV21','ME02',15,225000);
INSERT INTO CN02.INVOICELINE VALUES ('INV22','ME01',11,220000);
INSERT INTO CN02.INVOICELINE VALUES ('INV23','ME08',10,340000);
INSERT INTO CN02.INVOICELINE VALUES ('INV24','ME04',8,120000);
INSERT INTO CN02.INVOICELINE VALUES ('INV25','ME05',2,48000);
INSERT INTO CN02.INVOICELINE VALUES ('INV26','ME06',7,196000);
INSERT INTO CN02.INVOICELINE VALUES ('INV27','ME26',3,90000);
INSERT INTO CN02.INVOICELINE VALUES ('INV28','ME47',10,240000);
INSERT INTO CN02.INVOICELINE VALUES ('INV29','ME14',8,360000);
INSERT INTO CN02.INVOICELINE VALUES ('INV30','ME17',13,390000);
INSERT INTO CN02.INVOICELINE VALUES ('INV31','ME05',7,168000);
INSERT INTO CN02.INVOICELINE VALUES ('INV32','ME29',6,180000);
INSERT INTO CN02.INVOICELINE VALUES ('INV41','ME38',10,400000);
INSERT INTO CN02.INVOICELINE VALUES ('INV42','ME44',5,120000);
INSERT INTO CN02.INVOICELINE VALUES ('INV43','ME23',10,390000);
INSERT INTO CN02.INVOICELINE VALUES ('INV44','ME13',1,45000);
INSERT INTO CN02.INVOICELINE VALUES ('INV45','ME12',15,675000);
INSERT INTO CN02.INVOICELINE VALUES ('INV46','ME23',8,312000);
INSERT INTO CN02.INVOICELINE VALUES ('INV47','ME34',3,114000);
INSERT INTO CN02.INVOICELINE VALUES ('INV48','ME45',11,198000);
INSERT INTO CN02.INVOICELINE VALUES ('INV48','ME46',3,120000);
INSERT INTO CN02.INVOICELINE VALUES ('INV48','ME47',6,144000);
INSERT INTO CN02.INVOICELINE VALUES ('INV48','ME48',26,910000);
INSERT INTO CN02.INVOICELINE VALUES ('INV48','ME49',7,168000);
INSERT INTO CN02.INVOICELINE VALUES ('INV48','ME50',2,40000);
INSERT INTO CN02.INVOICELINE VALUES ('INV49','ME39',13,520000);
INSERT INTO CN02.INVOICELINE VALUES ('INV49','ME40',7,210000);
INSERT INTO CN02.INVOICELINE VALUES ('INV49','ME41',3,105000);
INSERT INTO CN02.INVOICELINE VALUES ('INV49','ME42',9,216000);
INSERT INTO CN02.INVOICELINE VALUES ('INV49','ME43',11,264000);
INSERT INTO CN02.INVOICELINE VALUES ('INV50','ME07',8,256000);
INSERT INTO CN02.INVOICELINE VALUES ('INV50','ME08',3,102000);
INSERT INTO CN02.INVOICELINE VALUES ('INV50','ME09',4,280000);
INSERT INTO CN02.INVOICELINE VALUES ('INV50','ME10',8,360000);
INSERT INTO CN02.INVOICELINE VALUES ('INV50','ME11',2,90000);
INSERT INTO CN02.INVOICELINE VALUES ('INV50','ME12',7,315000);
INSERT INTO CN02.INVOICELINE VALUES ('INV50','ME13',6,270000);
INSERT INTO CN02.INVOICELINE VALUES ('INV50','ME14',2,90000);
INSERT INTO CN02.INVOICELINE VALUES ('INV50','ME15',5,225000);
INSERT INTO CN02.INVOICELINE VALUES ('INV50','ME16',2,90000);
INSERT INTO CN02.INVOICELINE VALUES ('INV50','ME17',5,150000);
INSERT INTO CN02.INVOICELINE VALUES ('INV50','ME18',9,270000);
INSERT INTO CN02.INVOICELINE VALUES ('INV50','ME19',3,90000);
INSERT INTO INVOICELINE VALUES ('INV51','ME01',13,260000);
INSERT INTO INVOICELINE VALUES ('INV51','ME02',1,15000);
INSERT INTO INVOICELINE VALUES ('INV51','ME10',10,450000);
INSERT INTO INVOICELINE VALUES ('INV52','ME11',14,630000);
INSERT INTO INVOICELINE VALUES ('INV52','ME12',2,90000);
INSERT INTO INVOICELINE VALUES ('INV53','ME29',11,330000);
INSERT INTO INVOICELINE VALUES ('INV53','ME30',6,270000);
INSERT INTO INVOICELINE VALUES ('INV53','ME31',3,135000);
INSERT INTO INVOICELINE VALUES ('INV54','ME34',6,228000);
INSERT INTO INVOICELINE VALUES ('INV54','ME35',8,320000);
INSERT INTO INVOICELINE VALUES ('INV54','ME36',9,360000);
INSERT INTO INVOICELINE VALUES ('INV55','ME20',13,390000);
INSERT INTO INVOICELINE VALUES ('INV55','ME21',1,36000);
INSERT INTO INVOICELINE VALUES ('INV55','ME22',6,234000);
INSERT INTO INVOICELINE VALUES ('INV56','ME28',14,448000);
INSERT INTO INVOICELINE VALUES ('INV56','ME29',6,180000);
INSERT INTO INVOICELINE VALUES ('INV56','ME30',3,135000);
INSERT INTO INVOICELINE VALUES ('INV57','ME37',7,280000);
INSERT INTO INVOICELINE VALUES ('INV57','ME38',6,240000);
INSERT INTO INVOICELINE VALUES ('INV57','ME39',7,280000);
INSERT INTO INVOICELINE VALUES ('INV57','ME40',6,180000);
INSERT INTO INVOICELINE VALUES ('INV57','ME41',7,245000);
INSERT INTO INVOICELINE VALUES ('INV58','ME47',6,144000);
INSERT INTO INVOICELINE VALUES ('INV58','ME48',5,175000);
INSERT INTO INVOICELINE VALUES ('INV58','ME49',11,264000);
INSERT INTO INVOICELINE VALUES ('INV58','ME50',2,40000);
INSERT INTO INVOICELINE VALUES ('INV59','ME50',6,120000);
INSERT INTO INVOICELINE VALUES ('INV59','ME01',5,100000);
INSERT INTO INVOICELINE VALUES ('INV59','ME02',3,45000);
INSERT INTO INVOICELINE VALUES ('INV59','ME03',2,36000);
INSERT INTO INVOICELINE VALUES ('INV59','ME04',8,120000);
INSERT INTO INVOICELINE VALUES ('INV59','ME05',2,48000);
INSERT INTO INVOICELINE VALUES ('INV60','ME19',7,210000);
INSERT INTO INVOICELINE VALUES ('INV60','ME20',1,30000);
INSERT INTO INVOICELINE VALUES ('INV60','ME21',2,72000);
INSERT INTO INVOICELINE VALUES ('INV60','ME22',4,156000);
INSERT INTO INVOICELINE VALUES ('INV60','ME23',62,2418000);
INSERT INTO INVOICELINE VALUES ('INV60','ME24',5,195000);
INSERT INTO INVOICELINE VALUES ('INV60','ME25',2,78000);
INSERT INTO INVOICELINE VALUES ('INV60','ME26',6,180000);
INSERT INTO INVOICELINE VALUES ('INV60','ME27',2,70000);
INSERT INTO INVOICELINE VALUES ('INV60','ME28',1,32000);
INSERT INTO INVOICELINE VALUES ('INV61','ME38',15,600000);
INSERT INTO INVOICELINE VALUES ('INV61','ME39',11,440000);
INSERT INTO INVOICELINE VALUES ('INV61','ME40',14,420000);
INSERT INTO INVOICELINE VALUES ('INV61','ME41',3,105000);
INSERT INTO INVOICELINE VALUES ('INV62','ME38',10,400000);
INSERT INTO INVOICELINE VALUES ('INV63','ME49',6,144000);
INSERT INTO INVOICELINE VALUES ('INV64','ME32',3,114000);
INSERT INTO INVOICELINE VALUES ('INV65','ME18',5,150000);
INSERT INTO INVOICELINE VALUES ('INV66','ME28',12,384000);
INSERT INTO INVOICELINE VALUES ('INV67','ME30',2,90000);
INSERT INTO INVOICELINE VALUES ('INV68','ME18',1,30000);
INSERT INTO INVOICELINE VALUES ('INV69','ME19',11,330000);
INSERT INTO INVOICELINE VALUES ('INV70','ME07',6,192000);
INSERT INTO INVOICELINE VALUES ('INV71','ME02',15,225000);
INSERT INTO INVOICELINE VALUES ('INV72','ME01',11,220000);
INSERT INTO INVOICELINE VALUES ('INV73','ME08',10,340000);
INSERT INTO INVOICELINE VALUES ('INV74','ME04',8,120000);
INSERT INTO INVOICELINE VALUES ('INV75','ME05',2,48000);
INSERT INTO INVOICELINE VALUES ('INV76','ME06',7,196000);
INSERT INTO INVOICELINE VALUES ('INV77','ME26',3,90000);
INSERT INTO INVOICELINE VALUES ('INV78','ME47',10,240000);
INSERT INTO INVOICELINE VALUES ('INV79','ME14',8,360000);
INSERT INTO INVOICELINE VALUES ('INV80','ME17',13,390000);
INSERT INTO INVOICELINE VALUES ('INV81','ME05',7,168000);
INSERT INTO INVOICELINE VALUES ('INV82','ME29',6,180000);
INSERT INTO INVOICELINE VALUES ('INV83','ME47',11,264000);
INSERT INTO INVOICELINE VALUES ('INV84','ME20',10,300000);
INSERT INTO INVOICELINE VALUES ('INV85','ME38',7,280000);
INSERT INTO INVOICELINE VALUES ('INV86','ME38',6,240000);
INSERT INTO INVOICELINE VALUES ('INV87','ME22',8,312000);
INSERT INTO INVOICELINE VALUES ('INV88','ME33',12,456000);
INSERT INTO INVOICELINE VALUES ('INV89','ME11',15,675000);
INSERT INTO INVOICELINE VALUES ('INV90','ME49',12,288000);
INSERT INTO INVOICELINE VALUES ('INV91','ME38',10,400000);
INSERT INTO INVOICELINE VALUES ('INV92','ME44',5,120000);
INSERT INTO INVOICELINE VALUES ('INV93','ME23',10,390000);
INSERT INTO INVOICELINE VALUES ('INV94','ME13',1,45000);
INSERT INTO INVOICELINE VALUES ('INV95','ME12',15,675000);
INSERT INTO INVOICELINE VALUES ('INV96','ME23',8,312000);
INSERT INTO INVOICELINE VALUES ('INV97','ME34',3,114000);
INSERT INTO INVOICELINE VALUES ('INV98','ME45',11,198000);
INSERT INTO INVOICELINE VALUES ('INV98','ME46',3,120000);
INSERT INTO INVOICELINE VALUES ('INV98','ME47',6,144000);
INSERT INTO INVOICELINE VALUES ('INV98','ME48',26,910000);
INSERT INTO INVOICELINE VALUES ('INV98','ME49',7,168000);
INSERT INTO INVOICELINE VALUES ('INV98','ME50',2,40000);
INSERT INTO INVOICELINE VALUES ('INV99','ME39',13,520000);
INSERT INTO INVOICELINE VALUES ('INV99','ME40',7,210000);
INSERT INTO INVOICELINE VALUES ('INV99','ME41',3,105000);
INSERT INTO INVOICELINE VALUES ('INV99','ME42',9,216000);
INSERT INTO INVOICELINE VALUES ('INV99','ME43',11,264000);
INSERT INTO INVOICELINE VALUES ('IN200','ME01',13,260000);
INSERT INTO INVOICELINE VALUES ('IN200','ME02',1,15000);
INSERT INTO INVOICELINE VALUES ('IN200','ME10',10,450000);
INSERT INTO INVOICELINE VALUES ('IN201','ME11',14,630000);
INSERT INTO INVOICELINE VALUES ('IN201','ME12',2,90000);
INSERT INTO INVOICELINE VALUES ('IN202','ME29',11,330000);
INSERT INTO INVOICELINE VALUES ('IN202','ME30',6,270000);
INSERT INTO INVOICELINE VALUES ('IN202','ME31',3,135000);
INSERT INTO INVOICELINE VALUES ('IN203','ME34',6,228000);
INSERT INTO INVOICELINE VALUES ('IN203','ME35',8,320000);
INSERT INTO INVOICELINE VALUES ('IN203','ME36',9,360000);
INSERT INTO INVOICELINE VALUES ('IN204','ME20',13,390000);
INSERT INTO INVOICELINE VALUES ('IN204','ME21',1,36000);
INSERT INTO INVOICELINE VALUES ('IN204','ME22',6,234000);
INSERT INTO INVOICELINE VALUES ('IN205','ME28',14,448000);
INSERT INTO INVOICELINE VALUES ('IN205','ME29',6,180000);
INSERT INTO INVOICELINE VALUES ('IN205','ME30',3,135000);
INSERT INTO INVOICELINE VALUES ('IN206','ME37',7,280000);
INSERT INTO INVOICELINE VALUES ('IN206','ME38',6,240000);
INSERT INTO INVOICELINE VALUES ('IN206','ME39',7,280000);
INSERT INTO INVOICELINE VALUES ('IN206','ME40',6,180000);
INSERT INTO INVOICELINE VALUES ('IN206','ME41',7,245000);
INSERT INTO INVOICELINE VALUES ('IN207','ME47',6,144000);
INSERT INTO INVOICELINE VALUES ('IN207','ME48',5,175000);
INSERT INTO INVOICELINE VALUES ('IN207','ME49',11,264000);
INSERT INTO INVOICELINE VALUES ('IN207','ME50',2,40000);
INSERT INTO INVOICELINE VALUES ('IN208','ME50',6,120000);
INSERT INTO INVOICELINE VALUES ('IN208','ME01',5,100000);
INSERT INTO INVOICELINE VALUES ('IN208','ME02',3,45000);
INSERT INTO INVOICELINE VALUES ('IN208','ME03',2,36000);
INSERT INTO INVOICELINE VALUES ('IN208','ME04',8,120000);
INSERT INTO INVOICELINE VALUES ('IN208','ME05',2,48000);
INSERT INTO INVOICELINE VALUES ('IN209','ME19',7,210000);
INSERT INTO INVOICELINE VALUES ('IN209','ME20',1,30000);
INSERT INTO INVOICELINE VALUES ('IN209','ME21',2,72000);
INSERT INTO INVOICELINE VALUES ('IN209','ME22',4,156000);
INSERT INTO INVOICELINE VALUES ('IN209','ME23',62,2418000);
INSERT INTO INVOICELINE VALUES ('IN209','ME24',5,195000);
INSERT INTO INVOICELINE VALUES ('IN209','ME25',2,78000);
INSERT INTO INVOICELINE VALUES ('IN209','ME26',6,180000);
INSERT INTO INVOICELINE VALUES ('IN209','ME27',2,70000);
INSERT INTO INVOICELINE VALUES ('IN209','ME28',1,32000);
INSERT INTO INVOICELINE VALUES ('IN210','ME38',15,600000);
INSERT INTO INVOICELINE VALUES ('IN210','ME39',11,440000);
INSERT INTO INVOICELINE VALUES ('IN210','ME40',14,420000);
INSERT INTO INVOICELINE VALUES ('IN210','ME41',3,105000);
INSERT INTO INVOICELINE VALUES ('IN211','ME38',10,400000);
INSERT INTO INVOICELINE VALUES ('IN212','ME49',6,144000);
INSERT INTO INVOICELINE VALUES ('IN213','ME32',3,114000);
INSERT INTO INVOICELINE VALUES ('IN214','ME18',5,150000);
INSERT INTO INVOICELINE VALUES ('IN215','ME28',12,384000);
INSERT INTO INVOICELINE VALUES ('IN216','ME30',2,90000);
INSERT INTO INVOICELINE VALUES ('IN217','ME18',1,30000);
INSERT INTO INVOICELINE VALUES ('IN218','ME19',11,330000);
INSERT INTO INVOICELINE VALUES ('IN219','ME07',6,192000);
INSERT INTO INVOICELINE VALUES ('IN220','ME02',15,225000);
INSERT INTO INVOICELINE VALUES ('IN221','ME01',11,220000);
INSERT INTO INVOICELINE VALUES ('IN222','ME08',10,340000);
INSERT INTO INVOICELINE VALUES ('IN223','ME04',8,120000);
INSERT INTO INVOICELINE VALUES ('IN224','ME05',2,48000);
INSERT INTO INVOICELINE VALUES ('IN225','ME06',7,196000);
INSERT INTO INVOICELINE VALUES ('IN226','ME26',3,90000);
INSERT INTO INVOICELINE VALUES ('IN227','ME47',10,240000);
INSERT INTO INVOICELINE VALUES ('IN228','ME14',8,360000);
INSERT INTO INVOICELINE VALUES ('IN229','ME17',13,390000);
INSERT INTO INVOICELINE VALUES ('IN230','ME05',7,168000);
INSERT INTO INVOICELINE VALUES ('IN231','ME29',6,180000);
INSERT INTO INVOICELINE VALUES ('IN232','ME47',11,264000);
INSERT INTO INVOICELINE VALUES ('IN233','ME20',10,300000);
INSERT INTO INVOICELINE VALUES ('IN234','ME38',7,280000);
INSERT INTO INVOICELINE VALUES ('IN235','ME38',6,240000);
INSERT INTO INVOICELINE VALUES ('IN236','ME22',8,312000);
INSERT INTO INVOICELINE VALUES ('IN237','ME33',12,456000);
INSERT INTO INVOICELINE VALUES ('IN238','ME11',15,675000);
INSERT INTO INVOICELINE VALUES ('IN239','ME49',12,288000);
INSERT INTO INVOICELINE VALUES ('IN240','ME38',10,400000);
INSERT INTO INVOICELINE VALUES ('IN241','ME44',5,120000);
INSERT INTO INVOICELINE VALUES ('IN242','ME23',10,390000);
INSERT INTO INVOICELINE VALUES ('IN243','ME13',1,45000);
INSERT INTO INVOICELINE VALUES ('IN244','ME12',15,675000);
INSERT INTO INVOICELINE VALUES ('IN245','ME23',8,312000);
INSERT INTO INVOICELINE VALUES ('IN246','ME34',3,114000);
INSERT INTO INVOICELINE VALUES ('IN247','ME45',11,198000);
INSERT INTO INVOICELINE VALUES ('IN247','ME46',3,120000);
INSERT INTO INVOICELINE VALUES ('IN247','ME47',6,144000);
INSERT INTO INVOICELINE VALUES ('IN247','ME48',26,910000);
INSERT INTO INVOICELINE VALUES ('IN247','ME49',7,168000);
INSERT INTO INVOICELINE VALUES ('IN247','ME50',2,40000);
INSERT INTO INVOICELINE VALUES ('IN248','ME39',13,520000);
INSERT INTO INVOICELINE VALUES ('IN248','ME40',7,210000);
INSERT INTO INVOICELINE VALUES ('IN248','ME41',3,105000);
INSERT INTO INVOICELINE VALUES ('IN248','ME42',9,216000);
INSERT INTO INVOICELINE VALUES ('IN248','ME43',11,264000);
INSERT INTO INVOICELINE VALUES ('IN249','ME07',8,256000);
INSERT INTO INVOICELINE VALUES ('IN249','ME08',3,102000);
INSERT INTO INVOICELINE VALUES ('IN249','ME09',4,280000);
INSERT INTO INVOICELINE VALUES ('IN249','ME10',8,360000);
INSERT INTO INVOICELINE VALUES ('IN249','ME11',2,90000);
INSERT INTO INVOICELINE VALUES ('IN249','ME12',7,315000);
INSERT INTO INVOICELINE VALUES ('IN249','ME13',6,270000);
INSERT INTO INVOICELINE VALUES ('IN249','ME14',2,90000);
INSERT INTO INVOICELINE VALUES ('IN249','ME15',5,225000);
INSERT INTO INVOICELINE VALUES ('IN249','ME16',2,90000);
INSERT INTO INVOICELINE VALUES ('IN249','ME17',5,150000);
INSERT INTO INVOICELINE VALUES ('IN249','ME18',9,270000);
INSERT INTO INVOICELINE VALUES ('IN249','ME19',3,90000);
INSERT INTO INVOICELINE VALUES ('IN250','ME01',13,260000);
INSERT INTO INVOICELINE VALUES ('IN250','ME02',1,15000);
INSERT INTO INVOICELINE VALUES ('IN250','ME10',10,450000);
INSERT INTO INVOICELINE VALUES ('IN251','ME11',14,630000);
INSERT INTO INVOICELINE VALUES ('IN251','ME12',2,90000);
INSERT INTO INVOICELINE VALUES ('IN252','ME29',11,330000);
INSERT INTO INVOICELINE VALUES ('IN252','ME30',6,270000);
INSERT INTO INVOICELINE VALUES ('IN252','ME31',3,135000);
INSERT INTO INVOICELINE VALUES ('IN253','ME34',6,228000);
INSERT INTO INVOICELINE VALUES ('IN253','ME35',8,320000);
INSERT INTO INVOICELINE VALUES ('IN253','ME36',9,360000);
INSERT INTO INVOICELINE VALUES ('IN254','ME20',13,390000);
INSERT INTO INVOICELINE VALUES ('IN254','ME21',1,36000);
INSERT INTO INVOICELINE VALUES ('IN254','ME22',6,234000);
INSERT INTO INVOICELINE VALUES ('IN255','ME28',14,448000);
INSERT INTO INVOICELINE VALUES ('IN255','ME29',6,180000);
INSERT INTO INVOICELINE VALUES ('IN255','ME30',3,135000);
INSERT INTO INVOICELINE VALUES ('IN256','ME37',7,280000);
INSERT INTO INVOICELINE VALUES ('IN256','ME38',6,240000);
INSERT INTO INVOICELINE VALUES ('IN256','ME39',7,280000);
INSERT INTO INVOICELINE VALUES ('IN256','ME40',6,180000);
INSERT INTO INVOICELINE VALUES ('IN256','ME41',7,245000);
INSERT INTO INVOICELINE VALUES ('IN257','ME47',6,144000);
INSERT INTO INVOICELINE VALUES ('IN257','ME48',5,175000);
INSERT INTO INVOICELINE VALUES ('IN257','ME49',11,264000);
INSERT INTO INVOICELINE VALUES ('IN257','ME50',2,40000);
INSERT INTO INVOICELINE VALUES ('IN258','ME50',6,120000);
INSERT INTO INVOICELINE VALUES ('IN258','ME01',5,100000);
INSERT INTO INVOICELINE VALUES ('IN258','ME02',3,45000);
INSERT INTO INVOICELINE VALUES ('IN258','ME03',2,36000);
INSERT INTO INVOICELINE VALUES ('IN258','ME04',8,120000);
INSERT INTO INVOICELINE VALUES ('IN258','ME05',2,48000);
INSERT INTO INVOICELINE VALUES ('IN259','ME19',7,210000);
INSERT INTO INVOICELINE VALUES ('IN259','ME20',1,30000);
INSERT INTO INVOICELINE VALUES ('IN259','ME21',2,72000);
INSERT INTO INVOICELINE VALUES ('IN259','ME22',4,156000);
INSERT INTO INVOICELINE VALUES ('IN259','ME23',62,2418000);
INSERT INTO INVOICELINE VALUES ('IN259','ME24',5,195000);
INSERT INTO INVOICELINE VALUES ('IN259','ME25',2,78000);
INSERT INTO INVOICELINE VALUES ('IN259','ME26',6,180000);
INSERT INTO INVOICELINE VALUES ('IN259','ME27',2,70000);
INSERT INTO INVOICELINE VALUES ('IN259','ME28',1,32000);
INSERT INTO INVOICELINE VALUES ('IN260','ME38',15,600000);
INSERT INTO INVOICELINE VALUES ('IN260','ME39',11,440000);
INSERT INTO INVOICELINE VALUES ('IN260','ME40',14,420000);
INSERT INTO INVOICELINE VALUES ('IN260','ME41',3,105000);
INSERT INTO INVOICELINE VALUES ('IN261','ME38',10,400000);
INSERT INTO INVOICELINE VALUES ('IN262','ME49',6,144000);
INSERT INTO INVOICELINE VALUES ('IN263','ME32',3,114000);
INSERT INTO INVOICELINE VALUES ('IN264','ME18',5,150000);
INSERT INTO INVOICELINE VALUES ('IN265','ME28',12,384000);
INSERT INTO INVOICELINE VALUES ('IN266','ME30',2,90000);
INSERT INTO INVOICELINE VALUES ('IN267','ME18',1,30000);
INSERT INTO INVOICELINE VALUES ('IN268','ME19',11,330000);
INSERT INTO INVOICELINE VALUES ('IN269','ME07',6,192000);
INSERT INTO INVOICELINE VALUES ('IN270','ME02',15,225000);
INSERT INTO INVOICELINE VALUES ('IN271','ME01',11,220000);
INSERT INTO INVOICELINE VALUES ('IN272','ME08',10,340000);
INSERT INTO INVOICELINE VALUES ('IN273','ME04',8,120000);
INSERT INTO INVOICELINE VALUES ('IN274','ME05',2,48000);
INSERT INTO INVOICELINE VALUES ('IN275','ME06',7,196000);
INSERT INTO INVOICELINE VALUES ('IN276','ME26',3,90000);
INSERT INTO INVOICELINE VALUES ('IN277','ME47',10,240000);
INSERT INTO INVOICELINE VALUES ('IN278','ME14',8,360000);
INSERT INTO INVOICELINE VALUES ('IN279','ME17',13,390000);
INSERT INTO INVOICELINE VALUES ('IN280','ME05',7,168000);
INSERT INTO INVOICELINE VALUES ('IN281','ME29',6,180000);
INSERT INTO INVOICELINE VALUES ('IN282','ME47',11,264000);
INSERT INTO INVOICELINE VALUES ('IN283','ME20',10,300000);
INSERT INTO INVOICELINE VALUES ('IN284','ME38',7,280000);
INSERT INTO INVOICELINE VALUES ('IN285','ME38',6,240000);
INSERT INTO INVOICELINE VALUES ('IN286','ME22',8,312000);
INSERT INTO INVOICELINE VALUES ('IN287','ME33',12,456000);
INSERT INTO INVOICELINE VALUES ('IN288','ME11',15,675000);
INSERT INTO INVOICELINE VALUES ('IN289','ME49',12,288000);
INSERT INTO INVOICELINE VALUES ('IN290','ME38',10,400000);
INSERT INTO INVOICELINE VALUES ('IN291','ME44',5,120000);
INSERT INTO INVOICELINE VALUES ('IN292','ME23',10,390000);
INSERT INTO INVOICELINE VALUES ('IN293','ME13',1,45000);
INSERT INTO INVOICELINE VALUES ('IN294','ME12',15,675000);
INSERT INTO INVOICELINE VALUES ('IN295','ME23',8,312000);
INSERT INTO INVOICELINE VALUES ('IN296','ME34',3,114000);
INSERT INTO INVOICELINE VALUES ('IN297','ME45',11,198000);
INSERT INTO INVOICELINE VALUES ('IN297','ME46',3,120000);
INSERT INTO INVOICELINE VALUES ('IN297','ME47',6,144000);
INSERT INTO INVOICELINE VALUES ('IN297','ME48',26,910000);
INSERT INTO INVOICELINE VALUES ('IN297','ME49',7,168000);
INSERT INTO INVOICELINE VALUES ('IN297','ME50',2,40000);
INSERT INTO INVOICELINE VALUES ('IN298','ME39',13,520000);
INSERT INTO INVOICELINE VALUES ('IN298','ME40',7,210000);
INSERT INTO INVOICELINE VALUES ('IN298','ME41',3,105000);
INSERT INTO INVOICELINE VALUES ('IN298','ME42',9,216000);
INSERT INTO INVOICELINE VALUES ('IN298','ME43',11,264000);
INSERT INTO INVOICELINE VALUES ('IN299','ME07',8,256000);
INSERT INTO INVOICELINE VALUES ('IN299','ME08',3,102000);
INSERT INTO INVOICELINE VALUES ('IN299','ME09',4,280000);
INSERT INTO INVOICELINE VALUES ('IN299','ME10',8,360000);
INSERT INTO INVOICELINE VALUES ('IN299','ME11',2,90000);
INSERT INTO INVOICELINE VALUES ('IN299','ME12',7,315000);
INSERT INTO INVOICELINE VALUES ('IN299','ME13',6,270000);
INSERT INTO INVOICELINE VALUES ('IN299','ME14',2,90000);
INSERT INTO INVOICELINE VALUES ('IN299','ME15',5,225000);
INSERT INTO INVOICELINE VALUES ('IN299','ME16',2,90000);
INSERT INTO INVOICELINE VALUES ('IN299','ME17',5,150000);
INSERT INTO INVOICELINE VALUES ('IN299','ME18',9,270000);
INSERT INTO INVOICELINE VALUES ('IN299','ME19',3,90000);

-- Kiem tra du lieu da duoc nhap day du chua
SELECT * FROM CN02.INVOICELINE;
SELECT * FROM CN02.INVOICE;
SELECT * FROM CN02.CUSTOMER_MANAGER;
SELECT * FROM CN02.CUSTOMER_INFO;
SELECT * FROM CN02.MENU;
SELECT * FROM CN02.MANAGEMENU_MANAGER;
SELECT * FROM CN02.MANAGEMENU_STAFF;
SELECT * FROM CN02.BRANCH;
SELECT * FROM CN02.EMPLOYEE;


INSERT INTO MENU VALUES ('ME70','Buche De Noel','X-mas',20000);
INSERT INTO MENU VALUES ('ME71','Pavlova','X-mas',20000);
INSERT INTO MENU VALUES ('ME72','Pudding Hanh Nhan','X-mas',20000);
INSERT INTO MENU VALUES ('ME73','Whisky Dundee','X-mas',20000);
INSERT INTO MENU VALUES ('ME74','Panettone','X-mas',20000);
INSERT INTO MENU VALUES ('ME75','Lebkuchen','X-mas',20000);
INSERT INTO MENU VALUES ('ME76','Melonmakarona','X-mas',20000);
INSERT INTO MENU VALUES ('ME77','Gingerbread Cookies','X-mas',20000);
INSERT INTO MENU VALUES ('ME78','Buche De Noel','X-mas',20000);
INSERT INTO MENU VALUES ('ME79','Buchenoel','X-mas',20000);
INSERT INTO MENU VALUES ('ME80','Buchenoel','X-mas',20000);
INSERT INTO MENU VALUES ('ME81','Buchenoel','X-mas',20000);
INSERT INTO MENU VALUES ('ME82','Buchenoel','X-mas',20000);

INSERT INTO INVOICE VALUES ('IN300',to_date('10/12/2021','dd/mm/yyyy'),'CUS55','EMP01',1080000,'BR02');
INSERT INTO INVOICE VALUES ('IN301',to_date('10/12/2021','dd/mm/yyyy'),'CUS63','EMP02',720000,'BR02');
INSERT INTO INVOICE VALUES ('IN302',to_date('10/12/2021','dd/mm/yyyy'),'CUS77','EMP04',900000,'BR02');
INSERT INTO INVOICE VALUES ('IN303',to_date('10/12/2021','dd/mm/yyyy'),'CUS82','EMP05',1035000,'BR02');
INSERT INTO INVOICE VALUES ('IN304',to_date('10/12/2021','dd/mm/yyyy'),'CUS88','EMP03',900000,'BR02');
INSERT INTO INVOICE VALUES ('IN305',to_date('10/12/2021','dd/mm/yyyy'),'CUS12','EMP01',1035000,'BR02');
INSERT INTO INVOICE VALUES ('IN306',to_date('10/12/2021','dd/mm/yyyy'),'CUS13','EMP02',1485000,'BR02');
INSERT INTO INVOICE VALUES ('IN307',to_date('10/12/2021','dd/mm/yyyy'),'CUS77','EMP04',1080000,'BR02');
INSERT INTO INVOICE VALUES ('IN308',to_date('10/12/2021','dd/mm/yyyy'),'CUS78','EMP05',1170000,'BR02');
INSERT INTO INVOICE VALUES ('IN309',to_date('10/12/2021','dd/mm/yyyy'),'CUS79','EMP03',4140000,'BR02');
INSERT INTO INVOICE VALUES ('IN310',to_date('10/12/2021','dd/mm/yyyy'),'CUS80','EMP01',1935000,'BR02');
INSERT INTO INVOICE VALUES ('IN311',to_date('10/12/2021','dd/mm/yyyy'),'CUS74','EMP02',400000,'BR02');
INSERT INTO INVOICE VALUES ('IN312',to_date('10/12/2021','dd/mm/yyyy'),'CUS75','EMP04',144000,'BR02');
INSERT INTO INVOICE VALUES ('IN313',to_date('10/12/2021','dd/mm/yyyy'),'CUS76','EMP05',114000,'BR02');
INSERT INTO INVOICE VALUES ('IN314',to_date('10/12/2021','dd/mm/yyyy'),'CUS84','EMP03',150000,'BR02');
INSERT INTO INVOICE VALUES ('IN315',to_date('10/12/2021','dd/mm/yyyy'),'CUS85','EMP01',384000,'BR02');
INSERT INTO INVOICE VALUES ('IN316',to_date('10/12/2021','dd/mm/yyyy'),'CUS86','EMP02',90000,'BR02');
INSERT INTO INVOICE VALUES ('IN317',to_date('10/12/2021','dd/mm/yyyy'),'CUS55','EMP04',30000,'BR02');
INSERT INTO INVOICE VALUES ('IN318',to_date('10/12/2021','dd/mm/yyyy'),'CUS56','EMP05',330000,'BR02');
INSERT INTO INVOICE VALUES ('IN319',to_date('10/12/2021','dd/mm/yyyy'),'CUS57','EMP03',192000,'BR02');
INSERT INTO INVOICE VALUES ('IN320',to_date('10/12/2021','dd/mm/yyyy'),'CUS58','EMP01',225000,'BR02');
INSERT INTO INVOICE VALUES ('IN321',to_date('10/12/2021','dd/mm/yyyy'),'CUS59','EMP02',220000,'BR02');
INSERT INTO INVOICE VALUES ('IN322',to_date('10/12/2021','dd/mm/yyyy'),'CUS60','EMP04',340000,'BR02');
INSERT INTO INVOICE VALUES ('IN323',to_date('10/12/2021','dd/mm/yyyy'),'CUS61','EMP05',120000,'BR02');
INSERT INTO INVOICE VALUES ('IN324',to_date('10/12/2021','dd/mm/yyyy'),'CUS55','EMP03',48000,'BR02');
INSERT INTO INVOICE VALUES ('IN325',to_date('10/12/2021','dd/mm/yyyy'),'CUS56','EMP01',196000,'BR02');
INSERT INTO INVOICE VALUES ('IN326',to_date('10/12/2021','dd/mm/yyyy'),'CUS57','EMP02',90000,'BR02');
INSERT INTO INVOICE VALUES ('IN327',to_date('10/12/2021','dd/mm/yyyy'),'CUS58','EMP04',240000,'BR02');
INSERT INTO INVOICE VALUES ('IN328',to_date('10/12/2021','dd/mm/yyyy'),'CUS59','EMP05',360000,'BR02');
INSERT INTO INVOICE VALUES ('IN329',to_date('10/12/2021','dd/mm/yyyy'),'CUS60','EMP03',390000,'BR02');
INSERT INTO INVOICE VALUES ('IN330',to_date('10/12/2021','dd/mm/yyyy'),'CUS61','EMP01',168000,'BR02');
INSERT INTO INVOICE VALUES ('IN331',to_date('10/12/2021','dd/mm/yyyy'),'CUS62','EMP02',180000,'BR02');
INSERT INTO INVOICE VALUES ('IN332',to_date('10/12/2021','dd/mm/yyyy'),'CUS63','EMP04',264000,'BR02');
INSERT INTO INVOICE VALUES ('IN333',to_date('10/12/2021','dd/mm/yyyy'),'CUS51','EMP05',300000,'BR02');
INSERT INTO INVOICE VALUES ('IN334',to_date('11/12/2021','dd/mm/yyyy'),'CUS52','EMP03',280000,'BR02');
INSERT INTO INVOICE VALUES ('IN335',to_date('11/12/2021','dd/mm/yyyy'),'CUS53','EMP01',240000,'BR02');
INSERT INTO INVOICE VALUES ('IN336',to_date('11/12/2021','dd/mm/yyyy'),'CUS54','EMP02',312000,'BR02');
INSERT INTO INVOICE VALUES ('IN337',to_date('11/12/2021','dd/mm/yyyy'),'CUS55','EMP04',456000,'BR02');
INSERT INTO INVOICE VALUES ('IN338',to_date('11/12/2021','dd/mm/yyyy'),'CUS56','EMP05',675000,'BR02');
INSERT INTO INVOICE VALUES ('IN339',to_date('11/12/2021','dd/mm/yyyy'),'CUS57','EMP03',288000,'BR02');
INSERT INTO INVOICE VALUES ('IN340',to_date('11/12/2021','dd/mm/yyyy'),'CUS58','EMP01',400000,'BR02');
INSERT INTO INVOICE VALUES ('IN341',to_date('11/12/2021','dd/mm/yyyy'),'CUS66','EMP02',120000,'BR02');
INSERT INTO INVOICE VALUES ('IN342',to_date('11/12/2021','dd/mm/yyyy'),'CUS67','EMP04',390000,'BR02');
INSERT INTO INVOICE VALUES ('IN343',to_date('11/12/2021','dd/mm/yyyy'),'CUS68','EMP05',45000,'BR02');
INSERT INTO INVOICE VALUES ('IN344',to_date('11/12/2021','dd/mm/yyyy'),'CUS69','EMP03',675000,'BR02');
INSERT INTO INVOICE VALUES ('IN345',to_date('11/12/2021','dd/mm/yyyy'),'CUS70','EMP01',312000,'BR02');
INSERT INTO INVOICE VALUES ('IN346',to_date('11/12/2021','dd/mm/yyyy'),'CUS71','EMP02',114000,'BR02');
INSERT INTO INVOICE VALUES ('IN347',to_date('11/12/2021','dd/mm/yyyy'),'CUS72','EMP04',2475000,'BR02');
INSERT INTO INVOICE VALUES ('IN348',to_date('11/12/2021','dd/mm/yyyy'),'CUS73','EMP05',1935000,'BR02');
INSERT INTO INVOICE VALUES ('IN349',to_date('11/12/2021','dd/mm/yyyy'),'CUS74','EMP03',2460000,'BR02');
INSERT INTO INVOICE VALUES ('IN400',to_date('18/09/2021','dd/mm/yyyy'),'CUS01','EMP01',1080000,'BR02');
INSERT INTO INVOICE VALUES ('IN401',to_date('18/09/2021','dd/mm/yyyy'),'CUS02','EMP02',720000,'BR02');
INSERT INTO INVOICE VALUES ('IN402',to_date('18/09/2021','dd/mm/yyyy'),'CUS05','EMP03',900000,'BR02');
INSERT INTO INVOICE VALUES ('IN403',to_date('18/09/2021','dd/mm/yyyy'),'CUS22','EMP04',1035000,'BR02');
INSERT INTO INVOICE VALUES ('IN404',to_date('18/09/2021','dd/mm/yyyy'),'CUS33','EMP05',900000,'BR02');
INSERT INTO INVOICE VALUES ('IN405',to_date('18/09/2021','dd/mm/yyyy'),'CUS77','EMP06',1035000,'BR02');
INSERT INTO INVOICE VALUES ('IN406',to_date('18/09/2021','dd/mm/yyyy'),'CUS08','EMP07',1485000,'BR02');
INSERT INTO INVOICE VALUES ('IN407',to_date('18/09/2021','dd/mm/yyyy'),'CUS56','EMP01',1080000,'BR02');
INSERT INTO INVOICE VALUES ('IN408',to_date('18/09/2021','dd/mm/yyyy'),'CUS01','EMP02',1170000,'BR02');
INSERT INTO INVOICE VALUES ('IN409',to_date('18/09/2021','dd/mm/yyyy'),'CUS02','EMP03',4140000,'BR02');
INSERT INTO INVOICE VALUES ('IN410',to_date('18/09/2021','dd/mm/yyyy'),'CUS05','EMP04',1935000,'BR02');
INSERT INTO INVOICE VALUES ('IN411',to_date('18/09/2021','dd/mm/yyyy'),'CUS22','EMP05',400000,'BR02');
INSERT INTO INVOICE VALUES ('IN412',to_date('18/09/2021','dd/mm/yyyy'),'CUS33','EMP06',144000,'BR02');
INSERT INTO INVOICE VALUES ('IN413',to_date('18/09/2021','dd/mm/yyyy'),'CUS77','EMP07',114000,'BR02');
INSERT INTO INVOICE VALUES ('IN414',to_date('18/09/2021','dd/mm/yyyy'),'CUS08','EMP01',150000,'BR02');
INSERT INTO INVOICE VALUES ('IN415',to_date('18/09/2021','dd/mm/yyyy'),'CUS56','EMP02',384000,'BR02');
INSERT INTO INVOICE VALUES ('IN416',to_date('18/09/2021','dd/mm/yyyy'),'CUS01','EMP03',90000,'BR02');
INSERT INTO INVOICE VALUES ('IN417',to_date('18/09/2021','dd/mm/yyyy'),'CUS02','EMP04',30000,'BR02');
INSERT INTO INVOICE VALUES ('IN418',to_date('18/09/2021','dd/mm/yyyy'),'CUS05','EMP05',330000,'BR02');
INSERT INTO INVOICE VALUES ('IN419',to_date('18/09/2021','dd/mm/yyyy'),'CUS22','EMP06',192000,'BR02');
INSERT INTO INVOICE VALUES ('IN420',to_date('18/09/2021','dd/mm/yyyy'),'CUS33','EMP07',225000,'BR02');
INSERT INTO INVOICE VALUES ('IN421',to_date('18/09/2021','dd/mm/yyyy'),'CUS77','EMP01',220000,'BR02');
INSERT INTO INVOICE VALUES ('IN422',to_date('18/09/2021','dd/mm/yyyy'),'CUS08','EMP02',340000,'BR02');
INSERT INTO INVOICE VALUES ('IN423',to_date('18/09/2021','dd/mm/yyyy'),'CUS56','EMP03',120000,'BR02');
INSERT INTO INVOICE VALUES ('IN424',to_date('18/09/2021','dd/mm/yyyy'),'CUS01','EMP04',48000,'BR02');
INSERT INTO INVOICE VALUES ('IN425',to_date('18/09/2021','dd/mm/yyyy'),'CUS02','EMP05',196000,'BR02');
INSERT INTO INVOICE VALUES ('IN426',to_date('18/09/2021','dd/mm/yyyy'),'CUS05','EMP06',90000,'BR02');
INSERT INTO INVOICE VALUES ('IN427',to_date('18/09/2021','dd/mm/yyyy'),'CUS22','EMP07',240000,'BR02');
INSERT INTO INVOICE VALUES ('IN428',to_date('18/09/2021','dd/mm/yyyy'),'CUS33','EMP01',360000,'BR02');
INSERT INTO INVOICE VALUES ('IN429',to_date('18/09/2021','dd/mm/yyyy'),'CUS77','EMP02',390000,'BR02');
INSERT INTO INVOICE VALUES ('IN430',to_date('18/09/2021','dd/mm/yyyy'),'CUS08','EMP03',168000,'BR02');
INSERT INTO INVOICE VALUES ('IN431',to_date('18/09/2021','dd/mm/yyyy'),'CUS56','EMP04',180000,'BR02');
INSERT INTO INVOICE VALUES ('IN432',to_date('18/09/2021','dd/mm/yyyy'),'CUS01','EMP05',264000,'BR02');
INSERT INTO INVOICE VALUES ('IN433',to_date('18/09/2021','dd/mm/yyyy'),'CUS02','EMP06',300000,'BR02');
INSERT INTO INVOICE VALUES ('IN434',to_date('18/09/2021','dd/mm/yyyy'),'CUS52','EMP07',280000,'BR02');
INSERT INTO INVOICE VALUES ('IN435',to_date('18/09/2021','dd/mm/yyyy'),'CUS53','EMP01',240000,'BR02');
INSERT INTO INVOICE VALUES ('IN436',to_date('18/09/2021','dd/mm/yyyy'),'CUS54','EMP02',312000,'BR02');
INSERT INTO INVOICE VALUES ('IN437',to_date('18/09/2021','dd/mm/yyyy'),'CUS55','EMP03',456000,'BR02');
INSERT INTO INVOICE VALUES ('IN438',to_date('18/09/2021','dd/mm/yyyy'),'CUS56','EMP04',675000,'BR02');
INSERT INTO INVOICE VALUES ('IN439',to_date('18/09/2021','dd/mm/yyyy'),'CUS57','EMP05',288000,'BR02');
INSERT INTO INVOICE VALUES ('IN440',to_date('18/09/2021','dd/mm/yyyy'),'CUS58','EMP06',400000,'BR02');
INSERT INTO INVOICE VALUES ('IN441',to_date('18/09/2021','dd/mm/yyyy'),'CUS66','EMP07',120000,'BR02');
INSERT INTO INVOICE VALUES ('IN442',to_date('18/09/2021','dd/mm/yyyy'),'CUS67','EMP01',390000,'BR02');
INSERT INTO INVOICE VALUES ('IN443',to_date('18/09/2021','dd/mm/yyyy'),'CUS68','EMP02',45000,'BR02');
INSERT INTO INVOICE VALUES ('IN444',to_date('18/09/2021','dd/mm/yyyy'),'CUS69','EMP03',675000,'BR02');
INSERT INTO INVOICE VALUES ('IN445',to_date('18/09/2021','dd/mm/yyyy'),'CUS70','EMP04',312000,'BR02');
INSERT INTO INVOICE VALUES ('IN446',to_date('18/09/2021','dd/mm/yyyy'),'CUS71','EMP05',114000,'BR02');
INSERT INTO INVOICE VALUES ('IN447',to_date('18/09/2021','dd/mm/yyyy'),'CUS72','EMP06',2475000,'BR02');
INSERT INTO INVOICE VALUES ('IN448',to_date('18/09/2021','dd/mm/yyyy'),'CUS73','EMP07',1935000,'BR02');
INSERT INTO INVOICE VALUES ('IN449',to_date('18/09/2021','dd/mm/yyyy'),'CUS74','EMP01',2460000,'BR02');

INSERT INTO INVOICELINE VALUES ('IN300','ME10',13,585000);
INSERT INTO INVOICELINE VALUES ('IN300','ME11',1,45000);
INSERT INTO INVOICELINE VALUES ('IN300','ME12',10,450000);
INSERT INTO INVOICELINE VALUES ('IN301','ME13',14,630000);
INSERT INTO INVOICELINE VALUES ('IN301','ME14',2,90000);
INSERT INTO INVOICELINE VALUES ('IN302','ME15',11,495000);
INSERT INTO INVOICELINE VALUES ('IN302','ME16',6,270000);
INSERT INTO INVOICELINE VALUES ('IN302','ME10',3,135000);
INSERT INTO INVOICELINE VALUES ('IN303','ME11',6,270000);
INSERT INTO INVOICELINE VALUES ('IN303','ME12',8,360000);
INSERT INTO INVOICELINE VALUES ('IN303','ME13',9,405000);
INSERT INTO INVOICELINE VALUES ('IN304','ME14',13,585000);
INSERT INTO INVOICELINE VALUES ('IN304','ME15',1,45000);
INSERT INTO INVOICELINE VALUES ('IN304','ME16',6,270000);
INSERT INTO INVOICELINE VALUES ('IN305','ME10',14,630000);
INSERT INTO INVOICELINE VALUES ('IN305','ME11',6,270000);
INSERT INTO INVOICELINE VALUES ('IN305','ME12',3,135000);
INSERT INTO INVOICELINE VALUES ('IN306','ME13',7,315000);
INSERT INTO INVOICELINE VALUES ('IN306','ME14',6,270000);
INSERT INTO INVOICELINE VALUES ('IN306','ME15',7,315000);
INSERT INTO INVOICELINE VALUES ('IN306','ME16',6,270000);
INSERT INTO INVOICELINE VALUES ('IN306','ME10',7,315000);
INSERT INTO INVOICELINE VALUES ('IN307','ME11',6,270000);
INSERT INTO INVOICELINE VALUES ('IN307','ME12',5,225000);
INSERT INTO INVOICELINE VALUES ('IN307','ME13',11,495000);
INSERT INTO INVOICELINE VALUES ('IN307','ME14',2,90000);
INSERT INTO INVOICELINE VALUES ('IN308','ME15',6,270000);
INSERT INTO INVOICELINE VALUES ('IN308','ME16',5,225000);
INSERT INTO INVOICELINE VALUES ('IN308','ME10',3,135000);
INSERT INTO INVOICELINE VALUES ('IN308','ME11',2,90000);
INSERT INTO INVOICELINE VALUES ('IN308','ME12',8,360000);
INSERT INTO INVOICELINE VALUES ('IN308','ME13',2,90000);
INSERT INTO INVOICELINE VALUES ('IN309','ME14',7,315000);
INSERT INTO INVOICELINE VALUES ('IN309','ME15',1,45000);
INSERT INTO INVOICELINE VALUES ('IN309','ME16',2,90000);
INSERT INTO INVOICELINE VALUES ('IN309','ME10',4,180000);
INSERT INTO INVOICELINE VALUES ('IN309','ME11',62,2790000);
INSERT INTO INVOICELINE VALUES ('IN309','ME12',5,225000);
INSERT INTO INVOICELINE VALUES ('IN309','ME13',2,90000);
INSERT INTO INVOICELINE VALUES ('IN309','ME14',6,270000);
INSERT INTO INVOICELINE VALUES ('IN309','ME15',2,90000);
INSERT INTO INVOICELINE VALUES ('IN309','ME16',1,45000);
INSERT INTO INVOICELINE VALUES ('IN310','ME10',15,675000);
INSERT INTO INVOICELINE VALUES ('IN310','ME11',11,495000);
INSERT INTO INVOICELINE VALUES ('IN310','ME12',14,630000);
INSERT INTO INVOICELINE VALUES ('IN310','ME13',3,135000);
INSERT INTO INVOICELINE VALUES ('IN311','ME14',10,450000);
INSERT INTO INVOICELINE VALUES ('IN312','ME15',6,270000);
INSERT INTO INVOICELINE VALUES ('IN313','ME16',3,135000);
INSERT INTO INVOICELINE VALUES ('IN314','ME10',5,225000);
INSERT INTO INVOICELINE VALUES ('IN315','ME11',12,540000);
INSERT INTO INVOICELINE VALUES ('IN316','ME12',2,90000);
INSERT INTO INVOICELINE VALUES ('IN317','ME13',1,45000);
INSERT INTO INVOICELINE VALUES ('IN318','ME14',11,495000);
INSERT INTO INVOICELINE VALUES ('IN319','ME15',6,270000);
INSERT INTO INVOICELINE VALUES ('IN320','ME16',15,675000);
INSERT INTO INVOICELINE VALUES ('IN321','ME10',11,495000);
INSERT INTO INVOICELINE VALUES ('IN322','ME11',10,450000);
INSERT INTO INVOICELINE VALUES ('IN323','ME12',8,360000);
INSERT INTO INVOICELINE VALUES ('IN324','ME13',2,90000);
INSERT INTO INVOICELINE VALUES ('IN325','ME14',7,315000);
INSERT INTO INVOICELINE VALUES ('IN326','ME15',3,135000);
INSERT INTO INVOICELINE VALUES ('IN327','ME16',10,450000);
INSERT INTO INVOICELINE VALUES ('IN328','ME10',8,360000);
INSERT INTO INVOICELINE VALUES ('IN329','ME11',13,585000);
INSERT INTO INVOICELINE VALUES ('IN330','ME12',7,315000);
INSERT INTO INVOICELINE VALUES ('IN331','ME13',6,270000);
INSERT INTO INVOICELINE VALUES ('IN332','ME14',11,495000);
INSERT INTO INVOICELINE VALUES ('IN333','ME15',10,450000);
INSERT INTO INVOICELINE VALUES ('IN334','ME16',7,315000);
INSERT INTO INVOICELINE VALUES ('IN335','ME10',6,270000);
INSERT INTO INVOICELINE VALUES ('IN336','ME11',8,360000);
INSERT INTO INVOICELINE VALUES ('IN337','ME12',12,540000);
INSERT INTO INVOICELINE VALUES ('IN338','ME13',15,675000);
INSERT INTO INVOICELINE VALUES ('IN339','ME14',12,540000);
INSERT INTO INVOICELINE VALUES ('IN340','ME15',10,450000);
INSERT INTO INVOICELINE VALUES ('IN341','ME16',5,225000);
INSERT INTO INVOICELINE VALUES ('IN342','ME10',10,450000);
INSERT INTO INVOICELINE VALUES ('IN343','ME11',1,45000);
INSERT INTO INVOICELINE VALUES ('IN344','ME12',15,675000);
INSERT INTO INVOICELINE VALUES ('IN345','ME13',8,360000);
INSERT INTO INVOICELINE VALUES ('IN346','ME14',3,135000);
INSERT INTO INVOICELINE VALUES ('IN347','ME15',11,495000);
INSERT INTO INVOICELINE VALUES ('IN347','ME16',3,135000);
INSERT INTO INVOICELINE VALUES ('IN347','ME10',6,270000);
INSERT INTO INVOICELINE VALUES ('IN347','ME11',26,1170000);
INSERT INTO INVOICELINE VALUES ('IN347','ME12',7,315000);
INSERT INTO INVOICELINE VALUES ('IN347','ME13',2,90000);
INSERT INTO INVOICELINE VALUES ('IN348','ME14',13,585000);
INSERT INTO INVOICELINE VALUES ('IN348','ME15',7,315000);
INSERT INTO INVOICELINE VALUES ('IN348','ME16',3,135000);
INSERT INTO INVOICELINE VALUES ('IN348','ME10',9,405000);
INSERT INTO INVOICELINE VALUES ('IN348','ME11',11,495000);
INSERT INTO INVOICELINE VALUES ('IN349','ME12',8,360000);
INSERT INTO INVOICELINE VALUES ('IN349','ME13',3,135000);
INSERT INTO INVOICELINE VALUES ('IN349','ME14',4,180000);
INSERT INTO INVOICELINE VALUES ('IN349','ME15',8,360000);
INSERT INTO INVOICELINE VALUES ('IN349','ME16',2,90000);
INSERT INTO INVOICELINE VALUES ('IN349','ME17',7,210000);
INSERT INTO INVOICELINE VALUES ('IN349','ME18',6,180000);
INSERT INTO INVOICELINE VALUES ('IN349','ME19',2,60000);
INSERT INTO INVOICELINE VALUES ('IN349','ME20',5,150000);
INSERT INTO INVOICELINE VALUES ('IN349','ME21',2,72000);
INSERT INTO INVOICELINE VALUES ('IN349','ME22',5,195000);
INSERT INTO INVOICELINE VALUES ('IN349','ME23',9,351000);
INSERT INTO INVOICELINE VALUES ('IN349','ME24',3,117000);
INSERT INTO INVOICELINE VALUES ('IN400','ME10',13,585000);
INSERT INTO INVOICELINE VALUES ('IN400','ME11',1,45000);
INSERT INTO INVOICELINE VALUES ('IN400','ME12',10,450000);
INSERT INTO INVOICELINE VALUES ('IN401','ME13',14,630000);
INSERT INTO INVOICELINE VALUES ('IN401','ME14',2,90000);
INSERT INTO INVOICELINE VALUES ('IN402','ME15',11,495000);
INSERT INTO INVOICELINE VALUES ('IN402','ME16',6,270000);
INSERT INTO INVOICELINE VALUES ('IN402','ME10',3,135000);
INSERT INTO INVOICELINE VALUES ('IN403','ME11',6,270000);
INSERT INTO INVOICELINE VALUES ('IN403','ME12',8,360000);
INSERT INTO INVOICELINE VALUES ('IN403','ME13',9,405000);
INSERT INTO INVOICELINE VALUES ('IN404','ME14',13,585000);
INSERT INTO INVOICELINE VALUES ('IN404','ME15',1,45000);
INSERT INTO INVOICELINE VALUES ('IN404','ME16',6,270000);
INSERT INTO INVOICELINE VALUES ('IN405','ME10',14,630000);
INSERT INTO INVOICELINE VALUES ('IN405','ME11',6,270000);
INSERT INTO INVOICELINE VALUES ('IN405','ME12',3,135000);
INSERT INTO INVOICELINE VALUES ('IN406','ME13',7,315000);
INSERT INTO INVOICELINE VALUES ('IN406','ME14',6,270000);
INSERT INTO INVOICELINE VALUES ('IN406','ME15',7,315000);
INSERT INTO INVOICELINE VALUES ('IN406','ME16',6,270000);
INSERT INTO INVOICELINE VALUES ('IN406','ME10',7,315000);
INSERT INTO INVOICELINE VALUES ('IN407','ME11',6,270000);
INSERT INTO INVOICELINE VALUES ('IN407','ME12',5,225000);
INSERT INTO INVOICELINE VALUES ('IN407','ME13',11,495000);
INSERT INTO INVOICELINE VALUES ('IN407','ME14',2,90000);
INSERT INTO INVOICELINE VALUES ('IN408','ME15',6,270000);
INSERT INTO INVOICELINE VALUES ('IN408','ME16',5,225000);
INSERT INTO INVOICELINE VALUES ('IN408','ME10',3,135000);
INSERT INTO INVOICELINE VALUES ('IN408','ME11',2,90000);
INSERT INTO INVOICELINE VALUES ('IN408','ME12',8,360000);
INSERT INTO INVOICELINE VALUES ('IN408','ME13',2,90000);
INSERT INTO INVOICELINE VALUES ('IN409','ME14',7,315000);
INSERT INTO INVOICELINE VALUES ('IN409','ME15',1,45000);
INSERT INTO INVOICELINE VALUES ('IN409','ME16',2,90000);
INSERT INTO INVOICELINE VALUES ('IN409','ME10',4,180000);
INSERT INTO INVOICELINE VALUES ('IN409','ME11',62,2790000);
INSERT INTO INVOICELINE VALUES ('IN409','ME12',5,225000);
INSERT INTO INVOICELINE VALUES ('IN409','ME13',2,90000);
INSERT INTO INVOICELINE VALUES ('IN409','ME14',6,270000);
INSERT INTO INVOICELINE VALUES ('IN409','ME15',2,90000);
INSERT INTO INVOICELINE VALUES ('IN409','ME16',1,45000);
INSERT INTO INVOICELINE VALUES ('IN410','ME10',15,675000);
INSERT INTO INVOICELINE VALUES ('IN410','ME11',11,495000);
INSERT INTO INVOICELINE VALUES ('IN410','ME12',14,630000);
INSERT INTO INVOICELINE VALUES ('IN410','ME13',3,135000);
INSERT INTO INVOICELINE VALUES ('IN411','ME14',10,450000);
INSERT INTO INVOICELINE VALUES ('IN412','ME15',6,270000);
INSERT INTO INVOICELINE VALUES ('IN413','ME16',3,135000);
INSERT INTO INVOICELINE VALUES ('IN414','ME10',5,225000);
INSERT INTO INVOICELINE VALUES ('IN415','ME11',12,540000);
INSERT INTO INVOICELINE VALUES ('IN416','ME12',2,90000);
INSERT INTO INVOICELINE VALUES ('IN417','ME13',1,45000);
INSERT INTO INVOICELINE VALUES ('IN418','ME14',11,495000);
INSERT INTO INVOICELINE VALUES ('IN419','ME15',6,270000);
INSERT INTO INVOICELINE VALUES ('IN420','ME16',15,675000);
INSERT INTO INVOICELINE VALUES ('IN421','ME10',11,495000);
INSERT INTO INVOICELINE VALUES ('IN422','ME11',10,450000);
INSERT INTO INVOICELINE VALUES ('IN423','ME12',8,360000);
INSERT INTO INVOICELINE VALUES ('IN424','ME13',2,90000);
INSERT INTO INVOICELINE VALUES ('IN425','ME14',7,315000);
INSERT INTO INVOICELINE VALUES ('IN426','ME15',3,135000);
INSERT INTO INVOICELINE VALUES ('IN427','ME16',10,450000);
INSERT INTO INVOICELINE VALUES ('IN428','ME10',8,360000);
INSERT INTO INVOICELINE VALUES ('IN429','ME11',13,585000);
INSERT INTO INVOICELINE VALUES ('IN430','ME12',7,315000);
INSERT INTO INVOICELINE VALUES ('IN431','ME13',6,270000);
INSERT INTO INVOICELINE VALUES ('IN432','ME14',11,495000);
INSERT INTO INVOICELINE VALUES ('IN433','ME15',10,450000);
INSERT INTO INVOICELINE VALUES ('IN434','ME16',7,315000);
INSERT INTO INVOICELINE VALUES ('IN435','ME10',6,270000);
INSERT INTO INVOICELINE VALUES ('IN436','ME11',8,360000);
INSERT INTO INVOICELINE VALUES ('IN437','ME12',12,540000);
INSERT INTO INVOICELINE VALUES ('IN438','ME13',15,675000);
INSERT INTO INVOICELINE VALUES ('IN439','ME14',12,540000);
INSERT INTO INVOICELINE VALUES ('IN440','ME15',10,450000);
INSERT INTO INVOICELINE VALUES ('IN441','ME16',5,225000);
INSERT INTO INVOICELINE VALUES ('IN442','ME10',10,450000);
INSERT INTO INVOICELINE VALUES ('IN443','ME11',1,45000);
INSERT INTO INVOICELINE VALUES ('IN444','ME12',15,675000);
INSERT INTO INVOICELINE VALUES ('IN445','ME13',8,360000);
INSERT INTO INVOICELINE VALUES ('IN446','ME14',3,135000);
INSERT INTO INVOICELINE VALUES ('IN447','ME15',11,495000);
INSERT INTO INVOICELINE VALUES ('IN447','ME16',3,135000);
INSERT INTO INVOICELINE VALUES ('IN447','ME10',6,270000);
INSERT INTO INVOICELINE VALUES ('IN447','ME11',26,1170000);
INSERT INTO INVOICELINE VALUES ('IN447','ME12',7,315000);
INSERT INTO INVOICELINE VALUES ('IN447','ME13',2,90000);
INSERT INTO INVOICELINE VALUES ('IN448','ME14',13,585000);
INSERT INTO INVOICELINE VALUES ('IN448','ME15',7,315000);
INSERT INTO INVOICELINE VALUES ('IN448','ME16',3,135000);
INSERT INTO INVOICELINE VALUES ('IN448','ME10',9,405000);
INSERT INTO INVOICELINE VALUES ('IN448','ME11',11,495000);
INSERT INTO INVOICELINE VALUES ('IN449','ME12',8,360000);
INSERT INTO INVOICELINE VALUES ('IN449','ME13',3,135000);
INSERT INTO INVOICELINE VALUES ('IN449','ME14',4,180000);
INSERT INTO INVOICELINE VALUES ('IN449','ME15',8,360000);
INSERT INTO INVOICELINE VALUES ('IN449','ME16',2,90000);
INSERT INTO INVOICELINE VALUES ('IN449','ME17',7,210000);
INSERT INTO INVOICELINE VALUES ('IN449','ME18',6,180000);
INSERT INTO INVOICELINE VALUES ('IN449','ME19',2,60000);
INSERT INTO INVOICELINE VALUES ('IN449','ME20',5,150000);
INSERT INTO INVOICELINE VALUES ('IN449','ME21',2,72000);
INSERT INTO INVOICELINE VALUES ('IN449','ME22',5,195000);
INSERT INTO INVOICELINE VALUES ('IN449','ME23',9,351000);
INSERT INTO INVOICELINE VALUES ('IN449','ME24',3,117000);

INSERT INTO CUSTOMER_INFO VALUES ('C101','Pham Vu Ngoc Diep','0375130491','Ho Chi Minh',to_date('08/12/2001','dd/mm/yyyy'),'Stardard');
INSERT INTO CUSTOMER_INFO VALUES ('C102','Tran Duc Duong','0901006848','Ho Chi Minh',to_date('26/01/2001','dd/mm/yyyy'),'Stardard');
INSERT INTO CUSTOMER_INFO VALUES ('C103','Nguyen Quoc Huy','0931127827','Ho Chi Minh',to_date('16/05/2001','dd/mm/yyyy'),'Stardard');
INSERT INTO CUSTOMER_INFO VALUES ('C104','Pham Bao Lien','0931199244','Ho Chi Minh',to_date('05/11/2001','dd/mm/yyyy'),'Stardard');
INSERT INTO CUSTOMER_INFO VALUES ('C105','Dinh Thuy Linh','0931199245','Ho Chi Minh',to_date('19/12/1975','dd/mm/yyyy'),'Stardard');
INSERT INTO CUSTOMER_INFO VALUES ('C106','Nguyen Thuy Linh','0931199246','Ho Chi Minh',to_date('14/09/2000','dd/mm/yyyy'),'Stardard');
INSERT INTO CUSTOMER_INFO VALUES ('C107','Do Ha Linh','0931199247','Ho Chi Minh',to_date('07/08/1974','dd/mm/yyyy'),'Stardard');
INSERT INTO CUSTOMER_INFO VALUES ('C108','Vu Thuy Linh','0931199248','Ho Chi Minh',to_date('27/11/2002','dd/mm/yyyy'),'Stardard');
INSERT INTO CUSTOMER_INFO VALUES ('C109','Do Thuy Linh','0931199249','Ho Chi Minh',to_date('12/10/1982','dd/mm/yyyy'),'Stardard');
INSERT INTO CUSTOMER_INFO VALUES ('C110','Hoang Nhat Mai','0931199250','Ho Chi Minh',to_date('24/11/1999','dd/mm/yyyy'),'Stardard');
INSERT INTO CUSTOMER_INFO VALUES ('C111','Nguyen Trong Minh','0931199251','Ho Chi Minh',to_date('10/07/2001','dd/mm/yyyy'),'Stardard');
INSERT INTO CUSTOMER_INFO VALUES ('C112','Ngo Gia Minh','0931199252','Ho Chi Minh',to_date('26/03/2001','dd/mm/yyyy'),'Stardard');
INSERT INTO CUSTOMER_INFO VALUES ('C113','Mai Hoang Minh','0931199253','Ho Chi Minh',to_date('18/11/2001','dd/mm/yyyy'),'Stardard');
INSERT INTO CUSTOMER_INFO VALUES ('C114','Do Hai Nam','0931199254','Ho Chi Minh',to_date('22/07/2001','dd/mm/yyyy'),'Stardard');
INSERT INTO CUSTOMER_INFO VALUES ('C115','Tran Bao Ngan','0931199255','Ho Chi Minh',to_date('11/02/2001','dd/mm/yyyy'),'Stardard');
INSERT INTO CUSTOMER_INFO VALUES ('C116','Tran Kim Ngan','0931199256','Ho Chi Minh',to_date('25/07/2001','dd/mm/yyyy'),'Stardard');
INSERT INTO CUSTOMER_INFO VALUES ('C117','Do Minh Ngoc','0375130491','Ho Chi Minh',to_date('19/12/1975','dd/mm/yyyy'),'Stardard');
INSERT INTO CUSTOMER_INFO VALUES ('C118','Bui Khanh Ngoc','0901006848','Ho Chi Minh',to_date('14/09/2000','dd/mm/yyyy'),'Stardard');
INSERT INTO CUSTOMER_INFO VALUES ('C119','Tran Uyen Nhi','0931127827','Ho Chi Minh',to_date('07/08/1974','dd/mm/yyyy'),'Stardard');
INSERT INTO CUSTOMER_INFO VALUES ('C120','Pham Dang Gia Nhu','0931199248','Ho Chi Minh',to_date('27/11/2002','dd/mm/yyyy'),'Stardard');
INSERT INTO CUSTOMER_INFO VALUES ('C121','Le Tat Hoang Phat','0931199249','Ho Chi Minh',to_date('12/10/1982','dd/mm/yyyy'),'Stardard');
INSERT INTO CUSTOMER_INFO VALUES ('C122','Dao Tuan Phong','0931199250','Ho Chi Minh',to_date('24/11/1999','dd/mm/yyyy'),'Stardard');
INSERT INTO CUSTOMER_INFO VALUES ('C123','Nguyen Phu Hai Phong','0931199251','Ho Chi Minh',to_date('08/07/2001','dd/mm/yyyy'),'Stardard');
INSERT INTO CUSTOMER_INFO VALUES ('C124','Tran Trung Phong','0931199252','Ho Chi Minh',to_date('20/01/2001','dd/mm/yyyy'),'Stardard');
INSERT INTO CUSTOMER_INFO VALUES ('C125','Bui Thanh Tai','0931199253','Ho Chi Minh',to_date('23/12/2001','dd/mm/yyyy'),'Stardard');
INSERT INTO CUSTOMER_INFO VALUES ('C126','Dang Thanh Thao','0375130491','Ho Chi Minh',to_date('29/05/2001','dd/mm/yyyy'),'Stardard');
INSERT INTO CUSTOMER_INFO VALUES ('C127','Nguyen Truong Thinh','0901006848','Ho Chi Minh',to_date('28/10/2001','dd/mm/yyyy'),'Stardard');
INSERT INTO CUSTOMER_INFO VALUES ('C128','Duong Phuc Thinh','0931127827','Ho Chi Minh',to_date('13/04/2001','dd/mm/yyyy'),'Stardard');
INSERT INTO CUSTOMER_INFO VALUES ('C129','Nguyen Minh Thu','0931199244','Ho Chi Minh',to_date('13/12/2001','dd/mm/yyyy'),'Stardard');
INSERT INTO CUSTOMER_INFO VALUES ('C130','Bui Trung Minh Tri','0931199844','Ho Chi Minh',to_date('25/12/2001','dd/mm/yyyy'),'Stardard');
INSERT INTO CUSTOMER_INFO VALUES ('C131','Hoang Quoc Trung','0931199256','Ho Chi Minh',to_date('13/07/2001','dd/mm/yyyy'),'Stardard');
INSERT INTO CUSTOMER_INFO VALUES ('C132','Vu Huu Minh Tuong','0375130491','Ho Chi Minh',to_date('19/12/1975','dd/mm/yyyy'),'Stardard');
INSERT INTO CUSTOMER_INFO VALUES ('C133','Le Thi Phuong Vy','0375130492','Ho Chi Minh',to_date('14/09/2000','dd/mm/yyyy'),'Stardard');
INSERT INTO CUSTOMER_INFO VALUES ('C134','Pham Ngoc Thach','0375130493','Ho Chi Minh',to_date('07/08/1974','dd/mm/yyyy'),'Stardard');
INSERT INTO CUSTOMER_INFO VALUES ('C135','Tran Dieu Le','0375130494','Ho Chi Minh',to_date('27/11/2002','dd/mm/yyyy'),'Stardard');
INSERT INTO CUSTOMER_INFO VALUES ('C136','Nguyen The Tai','0375130495','Ho Chi Minh',to_date('12/10/1982','dd/mm/yyyy'),'Stardard');
INSERT INTO CUSTOMER_INFO VALUES ('C137','Pham van Nam','0931199244','Ho Chi Minh',to_date('24/11/1999','dd/mm/yyyy'),'Stardard');
INSERT INTO CUSTOMER_INFO VALUES ('C138','Dinh Trong Hiep','0931199844','Ho Chi Minh',to_date('15/01/2001','dd/mm/yyyy'),'Stardard');
INSERT INTO CUSTOMER_INFO VALUES ('C139','Nguyen Manh Hung','0901006025','Ho Chi Minh',to_date('15/09/2001','dd/mm/yyyy'),'Stardard');
INSERT INTO CUSTOMER_INFO VALUES ('C140','Do Van Tan','0931199244','Ho Chi Minh',to_date('16/03/2001','dd/mm/yyyy'),'Stardard');
INSERT INTO CUSTOMER_INFO VALUES ('C141','Vu Van Thang','0931199245','Ho Chi Minh',to_date('21/05/2001','dd/mm/yyyy'),'Stardard');
INSERT INTO CUSTOMER_INFO VALUES ('C142','Do Trong Duc','0375130491','Ho Chi Minh',to_date('12/12/2001','dd/mm/yyyy'),'Stardard');
INSERT INTO CUSTOMER_INFO VALUES ('C143','Hoang Dai Thang','0901006848','Ho Chi Minh',to_date('01/05/2001','dd/mm/yyyy'),'Stardard');
INSERT INTO CUSTOMER_INFO VALUES ('C144','Nguyen Van Chung','0931127827','Ho Chi Minh',to_date('19/12/1975','dd/mm/yyyy'),'Stardard');
INSERT INTO CUSTOMER_INFO VALUES ('C145','Ngo Van Hiep','0931199244','Ho Chi Minh',to_date('14/09/2000','dd/mm/yyyy'),'Stardard');
INSERT INTO CUSTOMER_INFO VALUES ('C146','Mai Van Binh','0931199844','Ho Chi Minh',to_date('07/08/1974','dd/mm/yyyy'),'Stardard');
INSERT INTO CUSTOMER_INFO VALUES ('C147','Do Manh Huy','0901006025','Ho Chi Minh',to_date('27/11/2002','dd/mm/yyyy'),'Stardard');
INSERT INTO CUSTOMER_INFO VALUES ('C148','Tran Duc Trung','0931199248','Ho Chi Minh',to_date('12/10/1982','dd/mm/yyyy'),'Stardard');
INSERT INTO CUSTOMER_INFO VALUES ('C149','Tran Hoai Phuong','0931199249','Ho Chi Minh',to_date('24/11/1999','dd/mm/yyyy'),'Stardard');
INSERT INTO CUSTOMER_INFO VALUES ('C150','Do Van Phuong','0931199250','Ho Chi Minh',to_date('24/01/1997','dd/mm/yyyy'),'Stardard');
INSERT INTO CUSTOMER_INFO VALUES ('C151','Bui Manh Hung','0931199251','Ho Chi Minh',to_date('08/12/2001','dd/mm/yyyy'),'Stardard');
INSERT INTO CUSTOMER_INFO VALUES ('C152','Tran Anh Thi','0931199252','Ho Chi Minh',to_date('26/01/2001','dd/mm/yyyy'),'Stardard');
INSERT INTO CUSTOMER_INFO VALUES ('C153','Pham Gia Manh','0931199253','Ho Chi Minh',to_date('16/05/2001','dd/mm/yyyy'),'Stardard');
INSERT INTO CUSTOMER_INFO VALUES ('C154','Le Tat The','0931199254','Ho Chi Minh',to_date('05/11/2001','dd/mm/yyyy'),'Stardard');
INSERT INTO CUSTOMER_INFO VALUES ('C155','Dao Hong Cam','0931199255','Ho Chi Minh',to_date('19/12/1975','dd/mm/yyyy'),'Stardard');
INSERT INTO CUSTOMER_INFO VALUES ('C156','Nguyen Van Phuc','0931199256','Ho Chi Minh',to_date('14/09/2000','dd/mm/yyyy'),'Stardard');
INSERT INTO CUSTOMER_INFO VALUES ('C157','Tran Trung Dung','0375130491','Ho Chi Minh',to_date('07/08/1974','dd/mm/yyyy'),'Stardard');
INSERT INTO CUSTOMER_INFO VALUES ('C158','Bui Dinh Hung','0901006848','Ho Chi Minh',to_date('27/11/2002','dd/mm/yyyy'),'Stardard');
INSERT INTO CUSTOMER_INFO VALUES ('C159','Dang Van Toan','0931127827','Ho Chi Minh',to_date('12/10/1982','dd/mm/yyyy'),'Stardard');
INSERT INTO CUSTOMER_INFO VALUES ('C160','Nguyen Van Truong ','0931199248','Ho Chi Minh',to_date('24/11/1999','dd/mm/yyyy'),'Stardard');
INSERT INTO CUSTOMER_INFO VALUES ('C161','Duong Van Ha','0931199249','Ho Chi Minh',to_date('10/07/2001','dd/mm/yyyy'),'Stardard');
INSERT INTO CUSTOMER_INFO VALUES ('C162','Nguyen Quoc Tu','0931199250','Ho Chi Minh',to_date('26/03/2001','dd/mm/yyyy'),'Stardard');
INSERT INTO CUSTOMER_INFO VALUES ('C163','Bui Trung Huan','0931199251','Ho Chi Minh',to_date('18/11/2001','dd/mm/yyyy'),'Stardard');
INSERT INTO CUSTOMER_INFO VALUES ('C164','Hoang Tien Dung','0931199252','Ho Chi Minh',to_date('22/07/2001','dd/mm/yyyy'),'Stardard');
INSERT INTO CUSTOMER_INFO VALUES ('C165','Vu Huu Thien','0931199253','Ho Chi Minh',to_date('11/02/2001','dd/mm/yyyy'),'Stardard');
INSERT INTO CUSTOMER_INFO VALUES ('C166','Le Huu Kong','0375130491','Ho Chi Minh',to_date('25/07/2001','dd/mm/yyyy'),'Stardard');
INSERT INTO CUSTOMER_INFO VALUES ('C167','Ha Duy Anh ','0901006848','Ho Chi Minh',to_date('19/12/1975','dd/mm/yyyy'),'Stardard');
INSERT INTO CUSTOMER_INFO VALUES ('C168','Dong Duc Anh ','0931127827','Ho Chi Minh',to_date('14/09/2000','dd/mm/yyyy'),'Stardard');
INSERT INTO CUSTOMER_INFO VALUES ('C169','Vu Ngan Anh ','0931199244','Ho Chi Minh',to_date('07/08/1974','dd/mm/yyyy'),'Stardard');
INSERT INTO CUSTOMER_INFO VALUES ('C170','Tran Mai Quynh Anh','0931199844','Ho Chi Minh',to_date('27/11/2002','dd/mm/yyyy'),'Stardard');
INSERT INTO CUSTOMER_INFO VALUES ('C171','Nguyen Thi Tung Chi','0931199256','Ho Chi Minh',to_date('12/10/1982','dd/mm/yyyy'),'Stardard');
INSERT INTO CUSTOMER_INFO VALUES ('C172','Pham Quang Dung','0375130491','Ho Chi Minh',to_date('24/11/1999','dd/mm/yyyy'),'Stardard');
INSERT INTO CUSTOMER_INFO VALUES ('C173','Nguyen Tung Duong','0375130492','Ho Chi Minh',to_date('08/07/2001','dd/mm/yyyy'),'Stardard');
INSERT INTO CUSTOMER_INFO VALUES ('C174','Pham Duc Dat ','0375130493','Ho Chi Minh',to_date('20/01/2001','dd/mm/yyyy'),'Stardard');
INSERT INTO CUSTOMER_INFO VALUES ('C175','Nguyen Hai Dong ','0375130494','Ho Chi Minh',to_date('23/12/2001','dd/mm/yyyy'),'Stardard');
INSERT INTO CUSTOMER_INFO VALUES ('C176','Nguyen Duy Duc','0375130495','Ho Chi Minh',to_date('29/05/2001','dd/mm/yyyy'),'Stardard');
INSERT INTO CUSTOMER_INFO VALUES ('C177','Nguyen Vu Minh Duc','0931199244','Ho Chi Minh',to_date('28/10/2001','dd/mm/yyyy'),'Stardard');
INSERT INTO CUSTOMER_INFO VALUES ('C178','Trinh Viet Duc','0931199844','Ho Chi Minh',to_date('13/04/2001','dd/mm/yyyy'),'Stardard');
INSERT INTO CUSTOMER_INFO VALUES ('C179','Luu Huong Giang','0901006025','Ho Chi Minh',to_date('13/12/2001','dd/mm/yyyy'),'Stardard');
INSERT INTO CUSTOMER_INFO VALUES ('C180','Quan Gia Han ','0931199244','Ho Chi Minh',to_date('25/12/2001','dd/mm/yyyy'),'Stardard');
INSERT INTO CUSTOMER_INFO VALUES ('C181','Nguyen Trong Hieu ','0931199245','Ho Chi Minh',to_date('13/07/2001','dd/mm/yyyy'),'Stardard');
INSERT INTO CUSTOMER_INFO VALUES ('C182','Nguyen Quang Hung','0375130491','Ho Chi Minh',to_date('19/12/1975','dd/mm/yyyy'),'Stardard');
INSERT INTO CUSTOMER_INFO VALUES ('C183','Tran Gia Huy','0901006848','Ho Chi Minh',to_date('14/09/2000','dd/mm/yyyy'),'Stardard');
INSERT INTO CUSTOMER_INFO VALUES ('C184','Dang Vu Huy','0931127827','Ho Chi Minh',to_date('07/08/1974','dd/mm/yyyy'),'Stardard');
INSERT INTO CUSTOMER_INFO VALUES ('C185','Pham Ngoc Huyen','0931199244','Ho Chi Minh',to_date('27/11/2002','dd/mm/yyyy'),'Stardard');
INSERT INTO CUSTOMER_INFO VALUES ('C186','Tran Ngoc Khanh','0931199844','Ho Chi Minh',to_date('12/10/1982','dd/mm/yyyy'),'Stardard');
INSERT INTO CUSTOMER_INFO VALUES ('C187','Bui Duc Kien ','0901006025','Ho Chi Minh',to_date('24/11/1999','dd/mm/yyyy'),'Stardard');
INSERT INTO CUSTOMER_INFO VALUES ('C188','Bui Hai Lam ','0931199249','Ho Chi Minh',to_date('15/01/2001','dd/mm/yyyy'),'Stardard');
INSERT INTO CUSTOMER_INFO VALUES ('C189','Duong Khanh Linh','0931199250','Ho Chi Minh',to_date('15/09/2001','dd/mm/yyyy'),'Stardard');
INSERT INTO CUSTOMER_INFO VALUES ('C190','Tran Huy Hoang Linh','0931199251','Ho Chi Minh',to_date('16/03/2001','dd/mm/yyyy'),'Stardard');
INSERT INTO CUSTOMER_INFO VALUES ('C191','Tran Nhat Long','0931199252','Ho Chi Minh',to_date('21/05/2001','dd/mm/yyyy'),'Stardard');
INSERT INTO CUSTOMER_INFO VALUES ('C192','Tran Duc Luong','0931199253','Ho Chi Minh',to_date('12/12/2001','dd/mm/yyyy'),'Stardard');
INSERT INTO CUSTOMER_INFO VALUES ('C193','Nguyen Duc Minh','0931199254','Ho Chi Minh',to_date('01/05/2001','dd/mm/yyyy'),'Stardard');
INSERT INTO CUSTOMER_INFO VALUES ('C194','Doan Hai Minh','0931199255','Ho Chi Minh',to_date('19/12/1975','dd/mm/yyyy'),'Stardard');
INSERT INTO CUSTOMER_INFO VALUES ('C195','Mai Xuan Minh ','0931199256','Ho Chi Minh',to_date('14/09/2000','dd/mm/yyyy'),'Stardard');
INSERT INTO CUSTOMER_INFO VALUES ('C196','Bui Xuan Nam ','0375130491','Ho Chi Minh',to_date('07/08/1974','dd/mm/yyyy'),'Stardard');
INSERT INTO CUSTOMER_INFO VALUES ('C197','Bui Khanh Ngoc ','0901006848','Ho Chi Minh',to_date('27/11/2002','dd/mm/yyyy'),'Stardard');
INSERT INTO CUSTOMER_INFO VALUES ('C198','Mai Phuong Ngoc ','0931127827','Ho Chi Minh',to_date('12/10/1982','dd/mm/yyyy'),'Stardard');
INSERT INTO CUSTOMER_INFO VALUES ('C199','Nguyen Yen Nhi ','0931199248','Ho Chi Minh',to_date('24/11/1999','dd/mm/yyyy'),'Stardard');
INSERT INTO CUSTOMER_INFO VALUES ('C200','Dinh Ngoc Quynh Nhu','0764853497','Ho Chi Minh',to_date('24/01/1997','dd/mm/yyyy'),'Stardard');

INSERT INTO CUSTOMER_MANAGER VALUES ('C101',0);
INSERT INTO CUSTOMER_MANAGER VALUES ('C102',0);
INSERT INTO CUSTOMER_MANAGER VALUES ('C103',0);
INSERT INTO CUSTOMER_MANAGER VALUES ('C104',0);
INSERT INTO CUSTOMER_MANAGER VALUES ('C105',0);
INSERT INTO CUSTOMER_MANAGER VALUES ('C106',0);
INSERT INTO CUSTOMER_MANAGER VALUES ('C107',0);
INSERT INTO CUSTOMER_MANAGER VALUES ('C108',0);
INSERT INTO CUSTOMER_MANAGER VALUES ('C109',0);
INSERT INTO CUSTOMER_MANAGER VALUES ('C110',0);
INSERT INTO CUSTOMER_MANAGER VALUES ('C111',0);
INSERT INTO CUSTOMER_MANAGER VALUES ('C112',0);
INSERT INTO CUSTOMER_MANAGER VALUES ('C113',0);
INSERT INTO CUSTOMER_MANAGER VALUES ('C114',0);
INSERT INTO CUSTOMER_MANAGER VALUES ('C115',0);
INSERT INTO CUSTOMER_MANAGER VALUES ('C116',0);
INSERT INTO CUSTOMER_MANAGER VALUES ('C117',0);
INSERT INTO CUSTOMER_MANAGER VALUES ('C118',0);
INSERT INTO CUSTOMER_MANAGER VALUES ('C119',0);
INSERT INTO CUSTOMER_MANAGER VALUES ('C120',0);
INSERT INTO CUSTOMER_MANAGER VALUES ('C121',0);
INSERT INTO CUSTOMER_MANAGER VALUES ('C122',0);
INSERT INTO CUSTOMER_MANAGER VALUES ('C123',0);
INSERT INTO CUSTOMER_MANAGER VALUES ('C124',0);
INSERT INTO CUSTOMER_MANAGER VALUES ('C125',0);
INSERT INTO CUSTOMER_MANAGER VALUES ('C126',0);
INSERT INTO CUSTOMER_MANAGER VALUES ('C127',0);
INSERT INTO CUSTOMER_MANAGER VALUES ('C128',0);
INSERT INTO CUSTOMER_MANAGER VALUES ('C129',0);
INSERT INTO CUSTOMER_MANAGER VALUES ('C130',0);
INSERT INTO CUSTOMER_MANAGER VALUES ('C131',0);
INSERT INTO CUSTOMER_MANAGER VALUES ('C132',0);
INSERT INTO CUSTOMER_MANAGER VALUES ('C133',0);
INSERT INTO CUSTOMER_MANAGER VALUES ('C134',0);
INSERT INTO CUSTOMER_MANAGER VALUES ('C135',0);
INSERT INTO CUSTOMER_MANAGER VALUES ('C136',0);
INSERT INTO CUSTOMER_MANAGER VALUES ('C137',0);
INSERT INTO CUSTOMER_MANAGER VALUES ('C138',0);
INSERT INTO CUSTOMER_MANAGER VALUES ('C139',0);
INSERT INTO CUSTOMER_MANAGER VALUES ('C140',0);
INSERT INTO CUSTOMER_MANAGER VALUES ('C141',0);
INSERT INTO CUSTOMER_MANAGER VALUES ('C142',0);
INSERT INTO CUSTOMER_MANAGER VALUES ('C143',0);
INSERT INTO CUSTOMER_MANAGER VALUES ('C144',0);
INSERT INTO CUSTOMER_MANAGER VALUES ('C145',0);
INSERT INTO CUSTOMER_MANAGER VALUES ('C146',0);
INSERT INTO CUSTOMER_MANAGER VALUES ('C147',0);
INSERT INTO CUSTOMER_MANAGER VALUES ('C148',0);
INSERT INTO CUSTOMER_MANAGER VALUES ('C149',0);
INSERT INTO CUSTOMER_MANAGER VALUES ('C150',0);
INSERT INTO CUSTOMER_MANAGER VALUES ('C151',0);
INSERT INTO CUSTOMER_MANAGER VALUES ('C152',0);
INSERT INTO CUSTOMER_MANAGER VALUES ('C153',0);
INSERT INTO CUSTOMER_MANAGER VALUES ('C154',0);
INSERT INTO CUSTOMER_MANAGER VALUES ('C155',0);
INSERT INTO CUSTOMER_MANAGER VALUES ('C156',0);
INSERT INTO CUSTOMER_MANAGER VALUES ('C157',0);
INSERT INTO CUSTOMER_MANAGER VALUES ('C158',0);
INSERT INTO CUSTOMER_MANAGER VALUES ('C159',0);
INSERT INTO CUSTOMER_MANAGER VALUES ('C160',0);
INSERT INTO CUSTOMER_MANAGER VALUES ('C161',0);
INSERT INTO CUSTOMER_MANAGER VALUES ('C162',0);
INSERT INTO CUSTOMER_MANAGER VALUES ('C163',0);
INSERT INTO CUSTOMER_MANAGER VALUES ('C164',0);
INSERT INTO CUSTOMER_MANAGER VALUES ('C165',0);
INSERT INTO CUSTOMER_MANAGER VALUES ('C166',0);
INSERT INTO CUSTOMER_MANAGER VALUES ('C167',0);
INSERT INTO CUSTOMER_MANAGER VALUES ('C168',0);
INSERT INTO CUSTOMER_MANAGER VALUES ('C169',0);
INSERT INTO CUSTOMER_MANAGER VALUES ('C170',0);
INSERT INTO CUSTOMER_MANAGER VALUES ('C171',0);
INSERT INTO CUSTOMER_MANAGER VALUES ('C172',0);
INSERT INTO CUSTOMER_MANAGER VALUES ('C173',0);
INSERT INTO CUSTOMER_MANAGER VALUES ('C174',0);
INSERT INTO CUSTOMER_MANAGER VALUES ('C175',0);
INSERT INTO CUSTOMER_MANAGER VALUES ('C176',0);
INSERT INTO CUSTOMER_MANAGER VALUES ('C177',0);
INSERT INTO CUSTOMER_MANAGER VALUES ('C178',0);
INSERT INTO CUSTOMER_MANAGER VALUES ('C179',0);
INSERT INTO CUSTOMER_MANAGER VALUES ('C180',0);
INSERT INTO CUSTOMER_MANAGER VALUES ('C181',0);
INSERT INTO CUSTOMER_MANAGER VALUES ('C182',0);
INSERT INTO CUSTOMER_MANAGER VALUES ('C183',0);
INSERT INTO CUSTOMER_MANAGER VALUES ('C184',0);
INSERT INTO CUSTOMER_MANAGER VALUES ('C185',0);
INSERT INTO CUSTOMER_MANAGER VALUES ('C186',0);
INSERT INTO CUSTOMER_MANAGER VALUES ('C187',0);
INSERT INTO CUSTOMER_MANAGER VALUES ('C188',0);
INSERT INTO CUSTOMER_MANAGER VALUES ('C189',0);
INSERT INTO CUSTOMER_MANAGER VALUES ('C190',0);
INSERT INTO CUSTOMER_MANAGER VALUES ('C191',0);
INSERT INTO CUSTOMER_MANAGER VALUES ('C192',0);
INSERT INTO CUSTOMER_MANAGER VALUES ('C193',0);
INSERT INTO CUSTOMER_MANAGER VALUES ('C194',0);
INSERT INTO CUSTOMER_MANAGER VALUES ('C195',0);
INSERT INTO CUSTOMER_MANAGER VALUES ('C196',0);
INSERT INTO CUSTOMER_MANAGER VALUES ('C197',0);
INSERT INTO CUSTOMER_MANAGER VALUES ('C198',0);
INSERT INTO CUSTOMER_MANAGER VALUES ('C199',0);
INSERT INTO CUSTOMER_MANAGER VALUES ('C200',0);

INSERT INTO INVOICE VALUES ('IN450',to_date('19/09/2021','dd/mm/yyyy'),'C136','EMP01',1080000,'BR02');
INSERT INTO INVOICE VALUES ('IN451',to_date('19/09/2021','dd/mm/yyyy'),'C137','EMP02',720000,'BR02');
INSERT INTO INVOICE VALUES ('IN452',to_date('19/09/2021','dd/mm/yyyy'),'C138','EMP03',900000,'BR02');
INSERT INTO INVOICE VALUES ('IN453',to_date('19/09/2021','dd/mm/yyyy'),'C139','EMP04',1035000,'BR02');
INSERT INTO INVOICE VALUES ('IN454',to_date('19/09/2021','dd/mm/yyyy'),'C140','EMP05',900000,'BR02');
INSERT INTO INVOICE VALUES ('IN455',to_date('19/09/2021','dd/mm/yyyy'),'C141','EMP06',1035000,'BR02');
INSERT INTO INVOICE VALUES ('IN456',to_date('19/09/2021','dd/mm/yyyy'),'C142','EMP07',1485000,'BR02');
INSERT INTO INVOICE VALUES ('IN457',to_date('19/09/2021','dd/mm/yyyy'),'C143','EMP01',1080000,'BR02');
INSERT INTO INVOICE VALUES ('IN458',to_date('19/09/2021','dd/mm/yyyy'),'C144','EMP02',1170000,'BR02');
INSERT INTO INVOICE VALUES ('IN459',to_date('19/09/2021','dd/mm/yyyy'),'C145','EMP03',4140000,'BR02');
INSERT INTO INVOICE VALUES ('IN460',to_date('19/09/2021','dd/mm/yyyy'),'C146','EMP04',1935000,'BR02');
INSERT INTO INVOICE VALUES ('IN461',to_date('19/09/2021','dd/mm/yyyy'),'C147','EMP05',400000,'BR02');
INSERT INTO INVOICE VALUES ('IN462',to_date('19/09/2021','dd/mm/yyyy'),'C148','EMP06',144000,'BR02');
INSERT INTO INVOICE VALUES ('IN463',to_date('19/09/2021','dd/mm/yyyy'),'C114','EMP07',114000,'BR02');
INSERT INTO INVOICE VALUES ('IN464',to_date('19/09/2021','dd/mm/yyyy'),'C115','EMP01',150000,'BR02');
INSERT INTO INVOICE VALUES ('IN465',to_date('19/09/2021','dd/mm/yyyy'),'C116','EMP02',384000,'BR02');
INSERT INTO INVOICE VALUES ('IN466',to_date('19/09/2021','dd/mm/yyyy'),'C136','EMP03',90000,'BR02');
INSERT INTO INVOICE VALUES ('IN467',to_date('19/09/2021','dd/mm/yyyy'),'C137','EMP04',30000,'BR02');
INSERT INTO INVOICE VALUES ('IN468',to_date('19/09/2021','dd/mm/yyyy'),'C138','EMP05',330000,'BR02');
INSERT INTO INVOICE VALUES ('IN469',to_date('19/09/2021','dd/mm/yyyy'),'C139','EMP06',192000,'BR02');
INSERT INTO INVOICE VALUES ('IN470',to_date('19/09/2021','dd/mm/yyyy'),'C140','EMP07',225000,'BR02');
INSERT INTO INVOICE VALUES ('IN471',to_date('19/09/2021','dd/mm/yyyy'),'C141','EMP01',220000,'BR02');
INSERT INTO INVOICE VALUES ('IN472',to_date('19/09/2021','dd/mm/yyyy'),'C142','EMP02',340000,'BR02');
INSERT INTO INVOICE VALUES ('IN473',to_date('19/09/2021','dd/mm/yyyy'),'C143','EMP03',120000,'BR02');
INSERT INTO INVOICE VALUES ('IN474',to_date('19/09/2021','dd/mm/yyyy'),'C144','EMP04',48000,'BR02');
INSERT INTO INVOICE VALUES ('IN475',to_date('19/09/2021','dd/mm/yyyy'),'C145','EMP05',196000,'BR02');
INSERT INTO INVOICE VALUES ('IN476',to_date('19/09/2021','dd/mm/yyyy'),'C146','EMP06',90000,'BR02');
INSERT INTO INVOICE VALUES ('IN477',to_date('19/09/2021','dd/mm/yyyy'),'C147','EMP07',240000,'BR02');
INSERT INTO INVOICE VALUES ('IN478',to_date('19/09/2021','dd/mm/yyyy'),'C148','EMP01',360000,'BR02');
INSERT INTO INVOICE VALUES ('IN479',to_date('19/09/2021','dd/mm/yyyy'),'C130','EMP02',390000,'BR02');
INSERT INTO INVOICE VALUES ('IN480',to_date('19/09/2021','dd/mm/yyyy'),'C131','EMP03',168000,'BR02');
INSERT INTO INVOICE VALUES ('IN481',to_date('19/09/2021','dd/mm/yyyy'),'C132','EMP04',180000,'BR02');
INSERT INTO INVOICE VALUES ('IN482',to_date('19/09/2021','dd/mm/yyyy'),'C133','EMP05',264000,'BR02');
INSERT INTO INVOICE VALUES ('IN483',to_date('19/09/2021','dd/mm/yyyy'),'C134','EMP06',300000,'BR02');
INSERT INTO INVOICE VALUES ('IN484',to_date('19/09/2021','dd/mm/yyyy'),'C135','EMP07',280000,'BR02');
INSERT INTO INVOICE VALUES ('IN485',to_date('19/09/2021','dd/mm/yyyy'),'C136','EMP01',240000,'BR02');
INSERT INTO INVOICE VALUES ('IN486',to_date('19/09/2021','dd/mm/yyyy'),'C137','EMP02',312000,'BR02');
INSERT INTO INVOICE VALUES ('IN487',to_date('19/09/2021','dd/mm/yyyy'),'C138','EMP03',456000,'BR02');
INSERT INTO INVOICE VALUES ('IN488',to_date('19/09/2021','dd/mm/yyyy'),'C139','EMP04',675000,'BR02');
INSERT INTO INVOICE VALUES ('IN489',to_date('19/09/2021','dd/mm/yyyy'),'C140','EMP05',288000,'BR02');
INSERT INTO INVOICE VALUES ('IN490',to_date('19/09/2021','dd/mm/yyyy'),'C141','EMP06',400000,'BR02');
INSERT INTO INVOICE VALUES ('IN491',to_date('19/09/2021','dd/mm/yyyy'),'C142','EMP07',120000,'BR02');
INSERT INTO INVOICE VALUES ('IN492',to_date('19/09/2021','dd/mm/yyyy'),'C143','EMP01',390000,'BR02');
INSERT INTO INVOICE VALUES ('IN493',to_date('19/09/2021','dd/mm/yyyy'),'C144','EMP02',45000,'BR02');
INSERT INTO INVOICE VALUES ('IN494',to_date('19/09/2021','dd/mm/yyyy'),'C145','EMP03',675000,'BR02');
INSERT INTO INVOICE VALUES ('IN495',to_date('19/09/2021','dd/mm/yyyy'),'C146','EMP04',312000,'BR02');
INSERT INTO INVOICE VALUES ('IN496',to_date('19/09/2021','dd/mm/yyyy'),'C147','EMP05',114000,'BR02');
INSERT INTO INVOICE VALUES ('IN497',to_date('19/09/2021','dd/mm/yyyy'),'C148','EMP06',2475000,'BR02');
INSERT INTO INVOICE VALUES ('IN498',to_date('19/09/2021','dd/mm/yyyy'),'C149','EMP07',1935000,'BR02');
INSERT INTO INVOICE VALUES ('IN499',to_date('19/09/2021','dd/mm/yyyy'),'C150','EMP01',2460000,'BR02');

INSERT INTO INVOICELINE VALUES ('IN450','ME10',13,585000);
INSERT INTO INVOICELINE VALUES ('IN450','ME11',1,45000);
INSERT INTO INVOICELINE VALUES ('IN450','ME12',10,450000);
INSERT INTO INVOICELINE VALUES ('IN451','ME13',14,630000);
INSERT INTO INVOICELINE VALUES ('IN451','ME14',2,90000);
INSERT INTO INVOICELINE VALUES ('IN452','ME15',11,495000);
INSERT INTO INVOICELINE VALUES ('IN452','ME16',6,270000);
INSERT INTO INVOICELINE VALUES ('IN452','ME10',3,135000);
INSERT INTO INVOICELINE VALUES ('IN453','ME11',6,270000);
INSERT INTO INVOICELINE VALUES ('IN453','ME12',8,360000);
INSERT INTO INVOICELINE VALUES ('IN453','ME13',9,405000);
INSERT INTO INVOICELINE VALUES ('IN454','ME14',13,585000);
INSERT INTO INVOICELINE VALUES ('IN454','ME15',1,45000);
INSERT INTO INVOICELINE VALUES ('IN454','ME16',6,270000);
INSERT INTO INVOICELINE VALUES ('IN455','ME10',14,630000);
INSERT INTO INVOICELINE VALUES ('IN455','ME11',6,270000);
INSERT INTO INVOICELINE VALUES ('IN455','ME12',3,135000);
INSERT INTO INVOICELINE VALUES ('IN456','ME13',7,315000);
INSERT INTO INVOICELINE VALUES ('IN456','ME14',6,270000);
INSERT INTO INVOICELINE VALUES ('IN456','ME15',7,315000);
INSERT INTO INVOICELINE VALUES ('IN456','ME16',6,270000);
INSERT INTO INVOICELINE VALUES ('IN456','ME10',7,315000);
INSERT INTO INVOICELINE VALUES ('IN457','ME11',6,270000);
INSERT INTO INVOICELINE VALUES ('IN457','ME12',5,225000);
INSERT INTO INVOICELINE VALUES ('IN457','ME13',11,495000);
INSERT INTO INVOICELINE VALUES ('IN457','ME14',2,90000);
INSERT INTO INVOICELINE VALUES ('IN458','ME15',6,270000);
INSERT INTO INVOICELINE VALUES ('IN458','ME16',5,225000);
INSERT INTO INVOICELINE VALUES ('IN458','ME10',3,135000);
INSERT INTO INVOICELINE VALUES ('IN458','ME11',2,90000);
INSERT INTO INVOICELINE VALUES ('IN458','ME12',8,360000);
INSERT INTO INVOICELINE VALUES ('IN458','ME13',2,90000);
INSERT INTO INVOICELINE VALUES ('IN459','ME14',7,315000);
INSERT INTO INVOICELINE VALUES ('IN459','ME15',1,45000);
INSERT INTO INVOICELINE VALUES ('IN459','ME16',2,90000);
INSERT INTO INVOICELINE VALUES ('IN459','ME10',4,180000);
INSERT INTO INVOICELINE VALUES ('IN459','ME11',62,2790000);
INSERT INTO INVOICELINE VALUES ('IN459','ME12',5,225000);
INSERT INTO INVOICELINE VALUES ('IN459','ME13',2,90000);
INSERT INTO INVOICELINE VALUES ('IN459','ME14',6,270000);
INSERT INTO INVOICELINE VALUES ('IN459','ME15',2,90000);
INSERT INTO INVOICELINE VALUES ('IN459','ME16',1,45000);
INSERT INTO INVOICELINE VALUES ('IN460','ME10',15,675000);
INSERT INTO INVOICELINE VALUES ('IN460','ME11',11,495000);
INSERT INTO INVOICELINE VALUES ('IN460','ME12',14,630000);
INSERT INTO INVOICELINE VALUES ('IN460','ME13',3,135000);
INSERT INTO INVOICELINE VALUES ('IN461','ME14',10,450000);
INSERT INTO INVOICELINE VALUES ('IN462','ME15',6,270000);
INSERT INTO INVOICELINE VALUES ('IN463','ME16',3,135000);
INSERT INTO INVOICELINE VALUES ('IN464','ME10',5,225000);
INSERT INTO INVOICELINE VALUES ('IN465','ME11',12,540000);
INSERT INTO INVOICELINE VALUES ('IN466','ME12',2,90000);
INSERT INTO INVOICELINE VALUES ('IN467','ME13',1,45000);
INSERT INTO INVOICELINE VALUES ('IN468','ME14',11,495000);
INSERT INTO INVOICELINE VALUES ('IN469','ME15',6,270000);
INSERT INTO INVOICELINE VALUES ('IN470','ME16',15,675000);
INSERT INTO INVOICELINE VALUES ('IN471','ME10',11,495000);
INSERT INTO INVOICELINE VALUES ('IN472','ME11',10,450000);
INSERT INTO INVOICELINE VALUES ('IN473','ME12',8,360000);
INSERT INTO INVOICELINE VALUES ('IN474','ME13',2,90000);
INSERT INTO INVOICELINE VALUES ('IN475','ME14',7,315000);
INSERT INTO INVOICELINE VALUES ('IN476','ME15',3,135000);
INSERT INTO INVOICELINE VALUES ('IN477','ME16',10,450000);
INSERT INTO INVOICELINE VALUES ('IN478','ME10',8,360000);
INSERT INTO INVOICELINE VALUES ('IN479','ME11',13,585000);
INSERT INTO INVOICELINE VALUES ('IN480','ME12',7,315000);
INSERT INTO INVOICELINE VALUES ('IN481','ME13',6,270000);
INSERT INTO INVOICELINE VALUES ('IN482','ME14',11,495000);
INSERT INTO INVOICELINE VALUES ('IN483','ME15',10,450000);
INSERT INTO INVOICELINE VALUES ('IN484','ME16',7,315000);
INSERT INTO INVOICELINE VALUES ('IN485','ME10',6,270000);
INSERT INTO INVOICELINE VALUES ('IN486','ME11',8,360000);
INSERT INTO INVOICELINE VALUES ('IN487','ME12',12,540000);
INSERT INTO INVOICELINE VALUES ('IN488','ME13',15,675000);
INSERT INTO INVOICELINE VALUES ('IN489','ME14',12,540000);
INSERT INTO INVOICELINE VALUES ('IN490','ME15',10,450000);
INSERT INTO INVOICELINE VALUES ('IN491','ME16',5,225000);
INSERT INTO INVOICELINE VALUES ('IN492','ME10',10,450000);
INSERT INTO INVOICELINE VALUES ('IN493','ME11',1,45000);
INSERT INTO INVOICELINE VALUES ('IN494','ME12',15,675000);
INSERT INTO INVOICELINE VALUES ('IN495','ME13',8,360000);
INSERT INTO INVOICELINE VALUES ('IN496','ME14',3,135000);
INSERT INTO INVOICELINE VALUES ('IN497','ME15',11,495000);
INSERT INTO INVOICELINE VALUES ('IN497','ME16',3,135000);
INSERT INTO INVOICELINE VALUES ('IN497','ME10',6,270000);
INSERT INTO INVOICELINE VALUES ('IN497','ME11',26,1170000);
INSERT INTO INVOICELINE VALUES ('IN497','ME12',7,315000);
INSERT INTO INVOICELINE VALUES ('IN497','ME13',2,90000);
INSERT INTO INVOICELINE VALUES ('IN498','ME14',13,585000);
INSERT INTO INVOICELINE VALUES ('IN498','ME15',7,315000);
INSERT INTO INVOICELINE VALUES ('IN498','ME16',3,135000);
INSERT INTO INVOICELINE VALUES ('IN498','ME10',9,405000);
INSERT INTO INVOICELINE VALUES ('IN498','ME11',11,495000);
INSERT INTO INVOICELINE VALUES ('IN499','ME12',8,360000);
INSERT INTO INVOICELINE VALUES ('IN499','ME13',3,135000);
INSERT INTO INVOICELINE VALUES ('IN499','ME14',4,180000);
INSERT INTO INVOICELINE VALUES ('IN499','ME15',8,360000);
INSERT INTO INVOICELINE VALUES ('IN499','ME16',2,90000);
INSERT INTO INVOICELINE VALUES ('IN499','ME17',7,210000);
INSERT INTO INVOICELINE VALUES ('IN499','ME18',6,180000);
INSERT INTO INVOICELINE VALUES ('IN499','ME19',2,60000);
INSERT INTO INVOICELINE VALUES ('IN499','ME20',5,150000);
INSERT INTO INVOICELINE VALUES ('IN499','ME21',2,72000);
INSERT INTO INVOICELINE VALUES ('IN499','ME22',5,195000);
INSERT INTO INVOICELINE VALUES ('IN499','ME23',9,351000);
INSERT INTO INVOICELINE VALUES ('IN499','ME24',3,117000);

INSERT INTO INVOICE VALUES ('IN500',to_date('20/09/2021','dd/mm/yyyy'),'C151','EMP01',1080000,'BR02');
INSERT INTO INVOICE VALUES ('IN501',to_date('20/09/2021','dd/mm/yyyy'),'C152','EMP02',720000,'BR02');
INSERT INTO INVOICE VALUES ('IN502',to_date('20/09/2021','dd/mm/yyyy'),'C138','EMP03',900000,'BR02');
INSERT INTO INVOICE VALUES ('IN503',to_date('20/09/2021','dd/mm/yyyy'),'C139','EMP04',1035000,'BR02');
INSERT INTO INVOICE VALUES ('IN504',to_date('20/09/2021','dd/mm/yyyy'),'C140','EMP05',900000,'BR02');
INSERT INTO INVOICE VALUES ('IN505',to_date('20/09/2021','dd/mm/yyyy'),'C141','EMP06',1035000,'BR02');
INSERT INTO INVOICE VALUES ('IN506',to_date('20/09/2021','dd/mm/yyyy'),'C161','EMP07',1485000,'BR02');
INSERT INTO INVOICE VALUES ('IN507',to_date('20/09/2021','dd/mm/yyyy'),'C162','EMP01',1080000,'BR02');
INSERT INTO INVOICE VALUES ('IN508',to_date('20/09/2021','dd/mm/yyyy'),'C163','EMP02',1170000,'BR02');
INSERT INTO INVOICE VALUES ('IN509',to_date('20/09/2021','dd/mm/yyyy'),'C164','EMP03',4075000,'BR02');
INSERT INTO INVOICE VALUES ('IN510',to_date('20/09/2021','dd/mm/yyyy'),'C165','EMP04',1935000,'BR02');
INSERT INTO INVOICE VALUES ('IN511',to_date('20/09/2021','dd/mm/yyyy'),'C166','EMP05',400000,'BR02');
INSERT INTO INVOICE VALUES ('IN512',to_date('20/09/2021','dd/mm/yyyy'),'C167','EMP06',144000,'BR02');
INSERT INTO INVOICE VALUES ('IN513',to_date('20/09/2021','dd/mm/yyyy'),'C168','EMP07',114000,'BR02');
INSERT INTO INVOICE VALUES ('IN514',to_date('20/09/2021','dd/mm/yyyy'),'C169','EMP01',150000,'BR02');
INSERT INTO INVOICE VALUES ('IN515',to_date('20/09/2021','dd/mm/yyyy'),'C116','EMP02',384000,'BR02');
INSERT INTO INVOICE VALUES ('IN516',to_date('20/09/2021','dd/mm/yyyy'),'C136','EMP03',90000,'BR02');
INSERT INTO INVOICE VALUES ('IN517',to_date('20/09/2021','dd/mm/yyyy'),'C137','EMP04',30000,'BR02');
INSERT INTO INVOICE VALUES ('IN518',to_date('20/09/2021','dd/mm/yyyy'),'C138','EMP05',330000,'BR02');
INSERT INTO INVOICE VALUES ('IN519',to_date('20/09/2021','dd/mm/yyyy'),'C139','EMP06',192000,'BR02');
INSERT INTO INVOICE VALUES ('IN520',to_date('20/09/2021','dd/mm/yyyy'),'C161','EMP07',225000,'BR02');
INSERT INTO INVOICE VALUES ('IN521',to_date('20/09/2021','dd/mm/yyyy'),'C162','EMP01',220000,'BR02');
INSERT INTO INVOICE VALUES ('IN522',to_date('20/09/2021','dd/mm/yyyy'),'C163','EMP02',340000,'BR02');
INSERT INTO INVOICE VALUES ('IN523',to_date('20/09/2021','dd/mm/yyyy'),'C164','EMP03',120000,'BR02');
INSERT INTO INVOICE VALUES ('IN524',to_date('20/09/2021','dd/mm/yyyy'),'C165','EMP04',48000,'BR02');
INSERT INTO INVOICE VALUES ('IN525',to_date('20/09/2021','dd/mm/yyyy'),'C166','EMP05',196000,'BR02');
INSERT INTO INVOICE VALUES ('IN526',to_date('20/09/2021','dd/mm/yyyy'),'C167','EMP06',90000,'BR02');
INSERT INTO INVOICE VALUES ('IN527',to_date('20/09/2021','dd/mm/yyyy'),'C168','EMP07',240000,'BR02');
INSERT INTO INVOICE VALUES ('IN528',to_date('20/09/2021','dd/mm/yyyy'),'C169','EMP01',360000,'BR02');
INSERT INTO INVOICE VALUES ('IN529',to_date('20/09/2021','dd/mm/yyyy'),'C130','EMP02',390000,'BR02');
INSERT INTO INVOICE VALUES ('IN530',to_date('20/09/2021','dd/mm/yyyy'),'C131','EMP03',168000,'BR02');
INSERT INTO INVOICE VALUES ('IN531',to_date('20/09/2021','dd/mm/yyyy'),'C132','EMP04',180000,'BR02');
INSERT INTO INVOICE VALUES ('IN532',to_date('20/09/2021','dd/mm/yyyy'),'C133','EMP05',264000,'BR02');
INSERT INTO INVOICE VALUES ('IN533',to_date('20/09/2021','dd/mm/yyyy'),'C134','EMP06',300000,'BR02');
INSERT INTO INVOICE VALUES ('IN534',to_date('20/09/2021','dd/mm/yyyy'),'C135','EMP07',280000,'BR02');
INSERT INTO INVOICE VALUES ('IN535',to_date('20/09/2021','dd/mm/yyyy'),'C170','EMP01',240000,'BR02');
INSERT INTO INVOICE VALUES ('IN536',to_date('20/09/2021','dd/mm/yyyy'),'C171','EMP02',312000,'BR02');
INSERT INTO INVOICE VALUES ('IN537',to_date('20/09/2021','dd/mm/yyyy'),'C172','EMP03',456000,'BR02');
INSERT INTO INVOICE VALUES ('IN538',to_date('20/09/2021','dd/mm/yyyy'),'C173','EMP04',675000,'BR02');
INSERT INTO INVOICE VALUES ('IN539',to_date('20/09/2021','dd/mm/yyyy'),'C174','EMP05',288000,'BR02');
INSERT INTO INVOICE VALUES ('IN540',to_date('20/09/2021','dd/mm/yyyy'),'C175','EMP06',400000,'BR02');
INSERT INTO INVOICE VALUES ('IN541',to_date('20/09/2021','dd/mm/yyyy'),'C176','EMP07',120000,'BR02');
INSERT INTO INVOICE VALUES ('IN542',to_date('20/09/2021','dd/mm/yyyy'),'C177','EMP01',390000,'BR02');
INSERT INTO INVOICE VALUES ('IN543',to_date('20/09/2021','dd/mm/yyyy'),'C178','EMP02',45000,'BR02');
INSERT INTO INVOICE VALUES ('IN544',to_date('20/09/2021','dd/mm/yyyy'),'C179','EMP03',675000,'BR02');
INSERT INTO INVOICE VALUES ('IN545',to_date('20/09/2021','dd/mm/yyyy'),'C180','EMP04',312000,'BR02');
INSERT INTO INVOICE VALUES ('IN546',to_date('20/09/2021','dd/mm/yyyy'),'C181','EMP05',114000,'BR02');
INSERT INTO INVOICE VALUES ('IN547',to_date('20/09/2021','dd/mm/yyyy'),'C182','EMP06',2475000,'BR02');
INSERT INTO INVOICE VALUES ('IN548',to_date('20/09/2021','dd/mm/yyyy'),'C183','EMP07',1935000,'BR02');
INSERT INTO INVOICE VALUES ('IN549',to_date('20/09/2021','dd/mm/yyyy'),'C184','EMP01',2538000,'BR02');